component,pack,base,gender,large_source,zoomed_source,installed_large,installed_sidebar,sha256_large,sha256_sidebar
garion,Aesir,gaes001,2,Garion/Aesir/AES001.bmp,generated crop x=6 y=36 169x266 from AES001.bmp,gaes001L.bmp,gaes001M.bmp,59d15969ef092dba4e46aa3f60e32eaed634689ef94aa19474ebb467eb8b5d96,eb5ed71f68c2cc4d2624e3a135d9b045b8a70fb9a117cf28eabbd7c21c60c57f
garion,Aesir,gaes002,2,Garion/Aesir/AES002.bmp,generated crop x=12 y=30 169x266 from AES002.bmp,gaes002L.bmp,gaes002M.bmp,00c4ee45d9131eb6a543a7d6348bc19bdc760f99f3d04dbe1cd1555031c48132,1e1538c420360e6f564c27d3785cd38d41554de7e6ad18057bc1f9944a09843f
garion,Aesir,gaes003,2,Garion/Aesir/AES003.bmp,generated crop x=0 y=0 169x266 from AES003.bmp,gaes003L.bmp,gaes003M.bmp,58b83735793e7193f953727a2f0d533ec4d1b71153a69e3cd977796faf18ee31,0bcfd01a0ca5e1df2999ade25dc0041cd8abf79b2fdc545999e1da33000622ae
garion,Aesir,gaes004,1,Garion/Aesir/AES004.bmp,generated crop x=20 y=20 169x266 from AES004.bmp,gaes004L.bmp,gaes004M.bmp,9d69e002bb0b9f691fb8520ebd00b4e8f08fd7bb2e87c2fdf50fc2fd781781ae,8500895d7acc6c653115d1c32a7ff52a09f98a84a0e7110170016676d89e0ef3
garion,Aesir,gaes005,1,Garion/Aesir/AES005.bmp,generated crop x=9 y=6 169x266 from AES005.bmp,gaes005L.bmp,gaes005M.bmp,18b892f76f3360c4844ff5c2e465a3123d22319b1117b083246914be817d4f86,a5e5072457459edcccd37722be4885e05beaa4c533c67e2fcc8a699819ab0ec7
garion,Aesir,gaes006,1,Garion/Aesir/AES006.bmp,generated crop x=20 y=20 169x266 from AES006.bmp,gaes006L.bmp,gaes006M.bmp,cffe2a62da704ed81c4fa95538e9f96e9dece145584592651cd440265b2b626c,23c186c79bb1c6a38f8545eea6da0b87b641e3f8fd8c242d99d29f6568e1fc25
garion,Dwarfs,gdwf001,1,Garion/Dwarfs/DWF001.bmp,generated crop x=20 y=20 169x266 from DWF001.bmp,gdwf001L.bmp,gdwf001M.bmp,70633026d4e0ff18cc5b44ced4d89fb1fa499c3e8a64eaf9994764a2dc169538,4303f81c0939479a81178bc4e8d27c5b39fa28d3d6646744727b064187e66bc1
garion,Dwarfs,gdwf002,1,Garion/Dwarfs/DWF002.bmp,generated crop x=40 y=10 169x266 from DWF002.bmp,gdwf002L.bmp,gdwf002M.bmp,e32474cdc521b19687b4da44d99478fd8aeea684c41abf9865c6bebd969514f3,09fa136758aef083fd1618e4cf5ea7b7fbf32749e4024a345c2b61f06835b7d8
garion,Dwarfs,gdwf003,1,Garion/Dwarfs/DWF003.bmp,generated crop x=18 y=43 169x266 from DWF003.bmp,gdwf003L.bmp,gdwf003M.bmp,f2c25b2b530cb322e653096bb8bdb6294d03bfbdf9d59b19eed76b5cf3ad278e,2750252bc4ec26424cdd304e729ab5f446bf0106bf7b2e079db538e64d489f3d
garion,Dwarfs,gdwf004,2,Garion/Dwarfs/DWF004.bmp,generated crop x=20 y=56 169x266 from DWF004.bmp,gdwf004L.bmp,gdwf004M.bmp,9f689d4299332a8d493f6dfaedd73764a0c85ab7ec70e005a3f0205180dbaa49,c399c185c8cfb940b3329e0b576234b3dbc7548fbde60b7c8477c395e58f5b24
garion,Dwarfs,gdwf005,2,Garion/Dwarfs/DWF005.bmp,generated crop x=0 y=50 169x266 from DWF005.bmp,gdwf005L.bmp,gdwf005M.bmp,235aee0e15a2d187d597f1523d4f7a23d383a45e1cf4da3f986b86147ad107ac,3f2a27b34997d1f18399773ae75e88608dce6e38aed0382495785d9bba055472
garion,Dwarfs,gdwf006,2,Garion/Dwarfs/DWF006.bmp,generated crop x=16 y=46 169x266 from DWF006.bmp,gdwf006L.bmp,gdwf006M.bmp,6cae4c0ef6f552021be554dac4595e8268daded6fc692b4d0c1f2199fd581648,ecd17b9f5296986a293fd5994373f9484f4fa21e410fb407a72e02d56623c138
garion,Dwarfs,gdwf007,2,Garion/Dwarfs/DWF007.bmp,generated crop x=20 y=20 169x266 from DWF007.bmp,gdwf007L.bmp,gdwf007M.bmp,c711d24ffdd4fa637c619fd93acab24ca8a5ffc4af0896a7eebf37e0b51a76d7,e9cd31e3b2345a616ab5a503689054d57cf093af06aaba3fec39b6dcfc7c0c62
garion,Dwarfs,gdwf08,2,Garion/Dwarfs/DWF08.bmp,generated crop x=0 y=54 169x266 from DWF08.bmp,gdwf08L.bmp,gdwf08M.bmp,4cdef9846db2be6fc8b57051fa498ec85e5b69af187b0f477e9eaabdd7ee32de,b928a005c1cdea8beda569ac170d0ea12223851da750095b79e7e56920a4518c
garion,Dwarfs,gdwf09,1,Garion/Dwarfs/DWF09.bmp,generated crop x=20 y=20 169x266 from DWF09.bmp,gdwf09L.bmp,gdwf09M.bmp,79abc6415f0bd4dc52cb0fb616b3fe04b2ba0f27ed85b6f14cc6d116ade3809c,8037393d6a4b5549fdb0cf642a86dea17da3470a84a34ffe7c083a96d09a3a98
garion,Dwarfs,gdwf10,1,Garion/Dwarfs/DWF10.bmp,generated crop x=41 y=37 169x266 from DWF10.bmp,gdwf10L.bmp,gdwf10M.bmp,21692b9c49708cb74ef66d11490ab4ccf5106f075c7b972bebbef170dd93b7a7,3bd849e847697538f6570a5e38d8e4135de3b46b23faac216b1615dad98fcfdc
garion,Dwarfs,gdwf11,1,Garion/Dwarfs/DWF11.bmp,generated crop x=20 y=20 169x266 from DWF11.bmp,gdwf11L.bmp,gdwf11M.bmp,416950d78c2b8c54dd5a0ac1de1805a69f4f42278907737e816c7629cdcd5396,6d4026d8f2fb82ebbce8809bd4abf2d0e03842a90844a732c8ba6fe84aef8138
garion,Dwarfs,gdwf12,1,Garion/Dwarfs/DWF12.bmp,generated crop x=20 y=20 169x266 from DWF12.bmp,gdwf12L.bmp,gdwf12M.bmp,b3cd108e5b513d37d1a830fcd4df62b0fff65adc7160723d4b7e33b7472d5056,aa6c149b225aa8f1aae5b88be935b1e167aa7e9af517e3140d75c327e5db743a
garion,Dwarfs,gdwf13,1,Garion/Dwarfs/DWF13.bmp,generated crop x=20 y=20 169x266 from DWF13.bmp,gdwf13L.bmp,gdwf13M.bmp,4e46e51e6e805f559167d0983f16b55bea91681fd3a36ececeea94055c1cfbb8,97e917949cf7386ab6a9c49209406452da4590170d64de72accd2513f64b324f
garion,Dwarfs,gdwf14,1,Garion/Dwarfs/DWF14.bmp,generated crop x=20 y=20 169x266 from DWF14.bmp,gdwf14L.bmp,gdwf14M.bmp,901073394fb0499be9d9be16997d98ff80ac605f9fe4082833fe86a37df92310,35157e4e557ed069995b9cb321a8fae0a333fedbf24208193c6ad6c4182861fe
garion,Dwarfs,gdwf15,1,Garion/Dwarfs/DWF15.bmp,generated crop x=20 y=44 169x266 from DWF15.bmp,gdwf15L.bmp,gdwf15M.bmp,2223cfdf1ddddb90fe90b3c9975ef1ca573cb265495e675f87daf9e1d576494d,b5ccc71879aa5b6eeb557eb591ad4d89b60c5cb1c8be8e283515f0fd7145916c
garion,Dwarfs,gdwf16,1,Garion/Dwarfs/DWF16.bmp,generated crop x=20 y=20 169x266 from DWF16.bmp,gdwf16L.bmp,gdwf16M.bmp,f448bcef441207fbc3d2349de374a358ba434dfe53a39e572a4d15dcd47b5a9e,f920be018be3328431c879942c471e27e9d96fec58d4a65f39a69dab25eb75ef
garion,Dwarfs,gdwf17,1,Garion/Dwarfs/DWF17.bmp,generated crop x=41 y=32 169x266 from DWF17.bmp,gdwf17L.bmp,gdwf17M.bmp,a17843602e71f3659a51504a0fe8e233d8c892c0eba1ecccaebeda690df637f2,f4c0a7041c5168e7c3c0d410325c50eb977ace08b164e9d849ddc218ddced374
garion,Dwarfs,gdwf18,1,Garion/Dwarfs/DWF18.bmp,generated crop x=0 y=58 169x266 from DWF18.bmp,gdwf18L.bmp,gdwf18M.bmp,8a25d6c5c7d00f03e54cd17824c162784a8b3dca156c2a811df90425ab5441a3,f50ad8799574aa5c4567859ab3c22fc26351a6e8425e94aaa4091d7eb2692464
garion,Dwarfs,gdwf19,1,Garion/Dwarfs/DWF19.bmp,generated crop x=20 y=20 169x266 from DWF19.bmp,gdwf19L.bmp,gdwf19M.bmp,3cacc2e5cc0a1a6427ec9db10cd762347738fd5451ab6c8e096d86bb5e9155a0,94d2be69590a4e7696bb0127f88ca64ee6ba345444477a258ddc7bebae5ad57b
garion,Dwarfs,gdwf20,1,Garion/Dwarfs/DWF20.bmp,generated crop x=0 y=10 169x266 from DWF20.bmp,gdwf20L.bmp,gdwf20M.bmp,7c565ffb47374c34bb8a09f55e376abbf4ff736260834aa6f24ef0a6dd575d36,29db65a1866dddb7223a75f05b33051d3beb9b5597de5d980db34104d3d4c1e9
garion,Dwarfs,gdwf21,1,Garion/Dwarfs/DWF21.bmp,generated crop x=20 y=20 169x266 from DWF21.bmp,gdwf21L.bmp,gdwf21M.bmp,dfea8448c52d49086caeaa77c3120c4b8a58d7ac573f86d44ac217f503d1c62f,7792d2ad484d85de98f6289828bdfbef515ff0c9ad5276350da0b7d1012e13c4
garion,Dwarfs,gdwf22,1,Garion/Dwarfs/DWF22.bmp,generated crop x=20 y=20 169x266 from DWF22.bmp,gdwf22L.bmp,gdwf22M.bmp,cab532ee54650d4536cc5aeeaf651af77d1fa482efeaaec217e4f9da78bd7953,92df8b5b8e5250005edb301f2ccfd1fc257c14937599e21420690b80cb77e22d
garion,Dwarfs,gdwf23,1,Garion/Dwarfs/DWF23.bmp,generated crop x=20 y=20 169x266 from DWF23.bmp,gdwf23L.bmp,gdwf23M.bmp,2fb2fc01cdd10c9dcb24ef9e62a5990c94ace637bb1c000e39297808f0e3c82c,56e3f87f7fde974c31a527526e4b150c5a53caa7a2ff08e7f1dee957702a3ce6
garion,Dwarfs,gdwf24,1,Garion/Dwarfs/DWF24.bmp,generated crop x=0 y=21 169x266 from DWF24.bmp,gdwf24L.bmp,gdwf24M.bmp,809d72defea17abe9ba63af5d610af47a2241901e4ad5c1ec8f345ffa2d507e2,85840fde0341fa5b180724cd5a5e73cd7cdebf61fee785445fdb0355f9f3da41
garion,Dwarfs,gdwf25,1,Garion/Dwarfs/DWF25.bmp,generated crop x=26 y=0 169x266 from DWF25.bmp,gdwf25L.bmp,gdwf25M.bmp,48de908b901ffc791de04334be9b3416f8de0cb6b5d8542f3ab3938816f7a4fe,20000f17bcf2490c36475eec73bfc3d7e21bd43cdcf4fed32fdcaddbfe8fd2c6
garion,Dwarfs,gdwf26,1,Garion/Dwarfs/DWF26.bmp,generated crop x=20 y=20 169x266 from DWF26.bmp,gdwf26L.bmp,gdwf26M.bmp,0e5f128fade281d34116a5f5953a56249f88ef99ec6700fbd151e1f193047448,4eee56999e72446a0a05c9c163f10b9758797aa90f988511654b994a1f014a8d
garion,Dwarfs,gdwf27,1,Garion/Dwarfs/DWF27.bmp,generated crop x=26 y=26 169x266 from DWF27.bmp,gdwf27L.bmp,gdwf27M.bmp,8deb44ee59f87626acbe9ccf66dde79e2b423f46982471a612a53c8e52d52af2,c099f724d2e2925bf7df948f21126563ba8c23821805124c3609b6b4e5cb6549
garion,Dwarfs,gdwf28,1,Garion/Dwarfs/DWF28.bmp,generated crop x=20 y=20 169x266 from DWF28.bmp,gdwf28L.bmp,gdwf28M.bmp,8c8e9c2c1ac62f30027eca14dea6f1e675dcfef41fee470487e926f81257937d,e04fd008c666af25bad876798a0e2b7f47d55e7957edeff3ec020f48cfc8eccc
garion,Dwarfs,gdwf29,1,Garion/Dwarfs/DWF29.bmp,generated crop x=20 y=20 169x266 from DWF29.bmp,gdwf29L.bmp,gdwf29M.bmp,666d99083954fddc3f21aa720901b40f9ad259efc84ed3cc70aebfe74de00507,1137ed4ef3f2161efd9f70d782f88505b799cf7561ac4ad85d5d624eb9b30e68
garion,Dwarfs,gdwf30,1,Garion/Dwarfs/DWF30.bmp,generated crop x=20 y=20 169x266 from DWF30.bmp,gdwf30L.bmp,gdwf30M.bmp,46dfcd3a54cfaa234b45106b3991f58f477644ca89c515618de4d17acde2a24e,a53baeff1448827c79aea7c723116c52181340522ea149e3e7da658eca4db2cc
garion,Dwarfs,gdwf31,1,Garion/Dwarfs/DWF31.bmp,generated crop x=20 y=20 169x266 from DWF31.bmp,gdwf31L.bmp,gdwf31M.bmp,2317d25bde8f52c84023aba67e8ecda351a3c7b559fdfa3d692a1f87125dfd8d,a0b1133b2a6348068a9e380359abee4eec9cfca8c9a2e6ea5de1f45c671eb552
garion,Dwarfs,gdwf32,1,Garion/Dwarfs/DWF32.bmp,generated crop x=20 y=20 169x266 from DWF32.bmp,gdwf32L.bmp,gdwf32M.bmp,9fe32710c4b7e698f07b3453ef4d2babda88d56ce81d7d8456def88c47a7bd48,628ef693562f2767e25928c2b06f4479f74efe5bafd6dc8b1ad59b6a98390a66
garion,Dwarfs,gdwf33,1,Garion/Dwarfs/DWF33.bmp,generated crop x=20 y=20 169x266 from DWF33.bmp,gdwf33L.bmp,gdwf33M.bmp,24de9c52be2668aee7eec80c9391f6283c9b0a7080f78338a0585ff506653b28,e1e43ffba69607999d7f0b057652002578c0da1bd096850f10be6cf61bd709ff
garion,Elfs,gelf001,1,Garion/Elfs/ELF001.bmp,generated crop x=20 y=20 169x266 from ELF001.bmp,gelf001L.bmp,gelf001M.bmp,728dc07e74a085b316625b3c66a0e772e7363b1fd56a9ac171b375c3c306dceb,2888364f10ec8fb423a7674152d4be048b4a88292e021c93ec9351bd930c47c2
garion,Elfs,gelf002,1,Garion/Elfs/ELF002.bmp,generated crop x=20 y=50 169x266 from ELF002.bmp,gelf002L.bmp,gelf002M.bmp,2e692ef820ca4897e22f3b718a3efd517cbbcb35860578ffea70a3a96ea723c6,304e2f8c3b2806a5f153ec5e5fab7cb9c7a990589c4e746b4faec7048305f9ae
garion,Elfs,gelf003,2,Garion/Elfs/ELF003.bmp,generated crop x=41 y=18 169x266 from ELF003.bmp,gelf003L.bmp,gelf003M.bmp,137b0532f0a90ac842d7bd38a96a2a780c6dc696b4ec3c681a5fdce5879b2e10,e364f47f1b96e6c07f68a961540b4f1bf306e9425c2b60eab4de29887da2c409
garion,Elfs,gelf004,1,Garion/Elfs/ELF004.bmp,generated crop x=20 y=20 169x266 from ELF004.bmp,gelf004L.bmp,gelf004M.bmp,1d55193ca1671e7046fb0581d78b4375719dd7ca8ced642fe8130ba75018b128,b7cdc58167bb7e518e5f9f17b62caf51d11c134948c015befbc78b08b2c28185
garion,Elfs,gelf005,1,Garion/Elfs/ELF005.bmp,generated crop x=26 y=38 169x266 from ELF005.bmp,gelf005L.bmp,gelf005M.bmp,60b6fd6e11e3ce12b14fb397b781db57c92a852977415a6c37f9a2f389e9aec5,5ebfd48b8829b6988e5f671531171c5853ec23d4a35cb650349ff6ceb2c4aaff
garion,Elfs,gelf006,2,Garion/Elfs/ELF006.bmp,generated crop x=41 y=28 169x266 from ELF006.bmp,gelf006L.bmp,gelf006M.bmp,cb075d1880c9047f269ee0fdb0909f4d4bdcb02515456b1b9305d58f4ec06a02,4e0c4254e66f2c2a0c9927f979f2e8d0788dc731b9f32e96f08ccaad74d21be4
garion,Elfs,gelf007,2,Garion/Elfs/ELF007.bmp,generated crop x=21 y=38 169x266 from ELF007.bmp,gelf007L.bmp,gelf007M.bmp,d874e9a62c1b3383bf7852b04dee45204f0a344a3de69d51f1a5653d2c43710a,7f42c3311aed9a269ebe3703cdf19cc8bb2e4269360c63d93730ed027b2395fd
garion,Elfs,gelf008,2,Garion/Elfs/ELF008.bmp,generated crop x=20 y=33 169x266 from ELF008.bmp,gelf008L.bmp,gelf008M.bmp,d9bfd8c1b14658cd125f415f4a5fe946882b5aec098268c6f663ebc84bf9a8a9,ce47c34dbcca87d9f43c96703d9fbf15bc6dd93e222a3bc5d78c260a28a3c17c
garion,Elfs,gelf009,2,Garion/Elfs/ELF009.bmp,generated crop x=20 y=0 169x266 from ELF009.bmp,gelf009L.bmp,gelf009M.bmp,3dd3bc295d4af1ee67b6a1741211018fbd8e670b852b27b2c3186774808614b8,db510eb1ee8cfb10daf09b6fd9dbe2ed2829c7346d0dd5ecb0e978f23791944a
garion,Elfs,gelf010,1,Garion/Elfs/ELF010.bmp,generated crop x=0 y=42 169x266 from ELF010.bmp,gelf010L.bmp,gelf010M.bmp,58a81d943ac149e55801c52cb6570d96bf2c7bf1f18edec0e6e3429e18a6aaa5,f9094c74c7ee87ef1d53e680e97c392cfb1efafd860d08b1fbca359b0bd74a33
garion,Elfs,gelf011,1,Garion/Elfs/ELF011.bmp,generated crop x=20 y=20 169x266 from ELF011.bmp,gelf011L.bmp,gelf011M.bmp,a7734c48c8b82976f02192b08ce61a236230992f392fd75c4cb1cf8cf76a4d7a,f55ae932b0934803aecce362d22f39976827f2a86e8dc4d942ad130b803b333b
garion,Elfs,gelf012,2,Garion/Elfs/ELF012.bmp,generated crop x=19 y=12 169x266 from ELF012.bmp,gelf012L.bmp,gelf012M.bmp,12a807f98823cfb92cd4f30ebd20d6b3741b7e7d38936faaad0071a0e9746cbc,1d3bb93ad9f2c4483a51cfb503a1f6862e8262a1794c9a675d7e42ba90c7ed02
garion,Elfs,gelf013,1,Garion/Elfs/ELF013.bmp,generated crop x=16 y=35 169x266 from ELF013.bmp,gelf013L.bmp,gelf013M.bmp,d9cdcf5b744f6ff2d9b79d3c8b2affef3244c22cb21c5d731dd7314241c33dd0,c123456625d2cfe20683412ee0502c1ae0a1fa52f9821d44463cf141b84544ec
garion,Elfs,gelf014,1,Garion/Elfs/ELF014.bmp,generated crop x=0 y=12 169x266 from ELF014.bmp,gelf014L.bmp,gelf014M.bmp,fe95eb5c22cfc5dfdb34f7c8565c90ee6dd8a6127ddd23873ac8e7a86d457918,b27acb5804cde170935742668861ce07805f180047d0cc9d633bbdb8ab0a6669
garion,Elfs,gelf015,2,Garion/Elfs/ELF015.bmp,generated crop x=20 y=20 169x266 from ELF015.bmp,gelf015L.bmp,gelf015M.bmp,e89da7818c3c29a932adc9dd408154373b59c3c236e476ecf8458a97091d0c69,caaa1f42c3b18d77b4de3be10e91a2db026cf7abbbcecff6a6495e78fb69219d
garion,Gnomes,ggnm002,1,Garion/Gnomes/GNM002.bmp,generated crop x=18 y=52 169x266 from GNM002.bmp,ggnm002L.bmp,ggnm002M.bmp,d54c1d0c4912c985c1932205cdd44f2124509b90bc2806317c8383388485f858,ece7a32bde98225deb85e7389a63e8d49a8ecb762af88a9e4eab18ca79fa6d7c
garion,Gnomes,ggnm003,1,Garion/Gnomes/GNM003.bmp,generated crop x=20 y=20 169x266 from GNM003.bmp,ggnm003L.bmp,ggnm003M.bmp,5b03fdaeca5e8fc5a8a71bc59d7980eb22e0e870dd82f554995992f736024a54,b86289bb199e6c1e5b3b54f6877052c31be7da64b40fcc17ab46b9020a1c2e47
garion,Gnomes,ggnm004,1,Garion/Gnomes/GNM004.bmp,generated crop x=20 y=20 169x266 from GNM004.bmp,ggnm004L.bmp,ggnm004M.bmp,5aa087a1f52b81873fe30583b21af17ab1c5c78be83e276eb894106ea0fbe522,87a8d8e05a73d0f1d02adc62f9c89a609ffa2bbb38502dc26b406e1f5920a367
garion,Gnomes,ggnm005,2,Garion/Gnomes/GNM005.bmp,generated crop x=0 y=58 169x266 from GNM005.bmp,ggnm005L.bmp,ggnm005M.bmp,a0e753bf9df9dec0588af0b24f227829d5002242fd26f527331be3fc14840fdb,7dcd99d05a68f0bed49b51efda52dd602b3ac6530936f9fb3f7e392fa631905b
garion,Gnomes,ggnm006,1,Garion/Gnomes/GNM006.bmp,generated crop x=34 y=46 169x266 from GNM006.bmp,ggnm006L.bmp,ggnm006M.bmp,69c31394097927b5d0675a90efcdfbfc745940f366d6ccf0ebe9ccd9a7706d08,683baae10fe34952a7a6bf5ee4e54fb9daed9db6017ea1e573f444f86941fa66
garion,Gnomes,ggnm007,2,Garion/Gnomes/GNM007.bmp,generated crop x=24 y=52 169x266 from GNM007.bmp,ggnm007L.bmp,ggnm007M.bmp,2ad9b954e32190d7c794ad2eea8a67675fb8fccdbd6b7ea8041fcda711ba501a,d3f9e693209ba41e43998334f7131e676be2c2d1f13434ad021db8d7fc982058
garion,Humans,ghmn001,1,Garion/Humans/HMN001.bmp,generated crop x=20 y=20 169x266 from HMN001.bmp,ghmn001L.bmp,ghmn001M.bmp,e3b2415ae3a7ed9b1364402533361bad053061662a2b068fcb13bdc35cb05b42,32d36637a2456b3624357f723cfc3340e6def0c1d432093f10df926ff7113b9f
garion,Humans,ghmn002,1,Garion/Humans/HMN002.bmp,generated crop x=41 y=18 169x266 from HMN002.bmp,ghmn002L.bmp,ghmn002M.bmp,97f4596ad53a46280422cce533e901d73a76e4d3aa33881466f21cd642468932,c4f3266bced3db66b45390de126dd083ac331215a55d8dcc15bf3b5478d1ac7f
garion,Humans,ghmn003,1,Garion/Humans/HMN003.bmp,generated crop x=0 y=0 169x266 from HMN003.bmp,ghmn003L.bmp,ghmn003M.bmp,eca79c5f6a39c1ad73516a93914db902a860cfc772ee959ac2c43b0338d042be,23c6b131d48e70d3e9b2a5d12a3f52140ee1e264fc1b32cdc22d4c0efbd6c282
garion,Humans,ghmn004,1,Garion/Humans/HMN004.bmp,generated crop x=20 y=20 169x266 from HMN004.bmp,ghmn004L.bmp,ghmn004M.bmp,fc2ac52d24e17e007db4a08e854bb5901369149c7ccaaf4caedc0e4b6f835085,518438a0d5c50fd0cb095886bc1100cdf15f8730fd2083310a28101041e423bc
garion,Humans,ghmn005,1,Garion/Humans/HMN005.bmp,generated crop x=20 y=20 169x266 from HMN005.bmp,ghmn005L.bmp,ghmn005M.bmp,8e6b355c7ba61a345ce795519111fbe40ccde0cd1bec7270be063da48aa12460,83e51b592bccbe5daef218aa33f54c463f42f5f4bc7864e1be0e1ee65b3e6dc3
garion,Humans,ghmn006,1,Garion/Humans/HMN006.bmp,generated crop x=20 y=20 169x266 from HMN006.bmp,ghmn006L.bmp,ghmn006M.bmp,3201c898255cb2723109ab25f3e31a479796992ca7d314d684ee4a5f31a2bad3,4b63ee53457d74e47cded75bf475990694378d9211b87c2cad2244976f0017f4
garion,Humans,ghmn007,1,Garion/Humans/HMN007.bmp,generated crop x=20 y=40 169x266 from HMN007.bmp,ghmn007L.bmp,ghmn007M.bmp,61e4f406a06d3632f206c24a5cddc905e2937bf2a5600058d72bf4a6c9439b87,41bf5418d2cf1f561dd6d453d182e2ee3bcb97b832b05bcadf713ca027e1cc31
garion,Humans,ghmn008,1,Garion/Humans/HMN008.bmp,generated crop x=18 y=34 169x266 from HMN008.bmp,ghmn008L.bmp,ghmn008M.bmp,9f5da85fca4be61aae8e89cc5d472fde6449dea089eaf7a28fa8745fb136821b,1f3efe87b5cdb6522236daa678010f30b6f7f74fd331f24ef10b40390bdfc80d
garion,Humans,ghmn009,2,Garion/Humans/HMN009.bmp,generated crop x=16 y=27 169x266 from HMN009.bmp,ghmn009L.bmp,ghmn009M.bmp,85d25a80980c923d66c3b2024bef15db3500a8442b4705f67677d95820bbbb2c,b4909ee69858b1b1e0a08eeb4afc5c605f6107571a4dcce41687ab59473ac18a
garion,Humans,ghmn010,1,Garion/Humans/HMN010.bmp,generated crop x=38 y=13 169x266 from HMN010.bmp,ghmn010L.bmp,ghmn010M.bmp,e009016bbd6b1e0a81aae83b05f646c17fc8c333a64121e92341c17ea89433a3,1d1d52158b1af88dea94e7f8606d949e29735d99948f1d6859340723771fcaba
garion,Humans,ghmn011,1,Garion/Humans/HMN011.bmp,generated crop x=0 y=24 169x266 from HMN011.bmp,ghmn011L.bmp,ghmn011M.bmp,12fd65164996b7d1e3380c211800d6687f1f3445b5d6193dfa0a0da501b8619a,e84884ba5709ba5d7ff29e0845f74147b51d4b085d223c164a744f8e74a87e83
garion,Humans,ghmn012,2,Garion/Humans/HMN012.bmp,generated crop x=2 y=50 169x266 from HMN012.bmp,ghmn012L.bmp,ghmn012M.bmp,a635e9f9c5b1a80cefeb88ce363b417f5246f08bce57f1b59f4f21deb7a85e79,c31d31e99eeb06801f27bb0018a74a53cd62a6c4cd8f1486f78f9a5b082c9410
garion,Humans,ghmn013,2,Garion/Humans/HMN013.bmp,generated crop x=25 y=36 169x266 from HMN013.bmp,ghmn013L.bmp,ghmn013M.bmp,6f42559d82ad262bb072bc165a9a6c08f413375aeac12600419ed7a637fc0537,d4cc142c7f4a2d184f995db4fd6a324a48b79255d5522ce990a893cd08431cfa
garion,Humans,ghmn014,1,Garion/Humans/HMN014.bmp,generated crop x=20 y=20 169x266 from HMN014.bmp,ghmn014L.bmp,ghmn014M.bmp,0f5b4631efd6eb9a8239ae04a8e23c0c1d05deefa3bdccdb70d8a9567b92f7fe,dcfd0a23675a29f0fcf57fc02e215abf3f084d493f6cb15d6c0ded0a8836b756
garion,Humans,ghmn015,2,Garion/Humans/HMN015.bmp,generated crop x=20 y=20 169x266 from HMN015.bmp,ghmn015L.bmp,ghmn015M.bmp,c77c855826ff4e6a47cce2c32debee7a667c43185c528968b5f8fe051562d1be,4cb9292e76e99f433186acbbc971487cf98ef0ecb543f5e409c0baaeef6d20c1
garion,Humans,ghmn016,1,Garion/Humans/HMN016.bmp,generated crop x=20 y=20 169x266 from HMN016.bmp,ghmn016L.bmp,ghmn016M.bmp,444cd205d05ff0a4cf973e744463e3c621b18fad828f3ac874ef1aff3424d159,1007a44672f06d221c146247fed2c4d7c54aef44bf1516674db357b95eb8654e
garion,Humans,ghmn017,1,Garion/Humans/HMN017.bmp,generated crop x=41 y=0 169x266 from HMN017.bmp,ghmn017L.bmp,ghmn017M.bmp,0499223f94fed7be2c113caa8b97367c79913288d3d9d55c3be1dea4501d515c,1361ed8978c5aa6b5dc6fbc9a02b490379247164cebb829aeeb74584a5843a12
garion,Humans,ghmn018,1,Garion/Humans/HMN018.bmp,generated crop x=29 y=8 169x266 from HMN018.bmp,ghmn018L.bmp,ghmn018M.bmp,6971de8d78e32fef5925ce8810675d4bb4cc792103e512efd16f6cad73d0383d,b03f1a258f8ee506358b204f8cd1e59c4abfdfd1f1899926e2c91f75b906d5b2
garion,Humans,ghmn019,1,Garion/Humans/HMN019.bmp,generated crop x=0 y=6 169x266 from HMN019.bmp,ghmn019L.bmp,ghmn019M.bmp,f62379a663f763d82b75467d8687de5401de2f6c0f75f8756746d7ce137fa5b0,5f2752187a6bd53df9b1de109c302b629ebd3def263a4896b4bd6ef13137e786
garion,Humans,ghmn020,1,Garion/Humans/HMN020.bmp,generated crop x=20 y=20 169x266 from HMN020.bmp,ghmn020L.bmp,ghmn020M.bmp,dc699b85e151bf3e83357455dee4df45e922606fbed9f6fb4981450b95241694,8817873bc84e2fa95ca24b3d5135478582dcabf336b5a2fc2b33e99dfdf5fe04
garion,Humans,ghmn021,1,Garion/Humans/HMN021.bmp,generated crop x=41 y=27 169x266 from HMN021.bmp,ghmn021L.bmp,ghmn021M.bmp,36ad13347d2e17192c4a2977879e9dc14ffbcdd424947a16252fd17e346285e7,94272d37629cb1c546e4a771cba7f83f737fff598d4ece6c24e9d49ecbe16559
garion,Humans,ghmn022,2,Garion/Humans/HMN022.bmp,generated crop x=41 y=0 169x266 from HMN022.bmp,ghmn022L.bmp,ghmn022M.bmp,c1a5268822fe496b74a124ce23b5c0802cace03f0a40994d34d2fbb9cf4841ec,9e091d3b2d9928cd69b8dccb9fb44e37c5ae1d5fece6bcc08e20065d9d962103
garion,Humans,ghmn023,1,Garion/Humans/HMN023.bmp,generated crop x=20 y=20 169x266 from HMN023.bmp,ghmn023L.bmp,ghmn023M.bmp,c85484d2a98dbdfee1a46b81abaad988b9f22cf73364ad49a1797f4f377a7f4d,8017123165b82405c363e002d481b887eb66ee982f939b2713c1aed7ec9f4f90
garion,Humans,ghmn024,1,Garion/Humans/HMN024.bmp,generated crop x=20 y=20 169x266 from HMN024.bmp,ghmn024L.bmp,ghmn024M.bmp,7e557d44fd43f6170235d66d3ff3df766f0536575d00f83be2778d5144695cfd,de4217d20935eec9af7f9128f169d475bd6d8675eb63688f82e8655f1c75b99a
garion,Humans,ghmn025,1,Garion/Humans/HMN025.bmp,generated crop x=10 y=14 169x266 from HMN025.bmp,ghmn025L.bmp,ghmn025M.bmp,c95437a615653f736a13cae399d6602561ea0ac9796f76ddbab8c3ec6761a3a9,1cebd8d44b9f7db81d02dae1e3917a2565bbf9817f5cd96036664dbb5b9ba39d
garion,Humans,ghmn026,1,Garion/Humans/HMN026.bmp,generated crop x=0 y=0 169x266 from HMN026.bmp,ghmn026L.bmp,ghmn026M.bmp,5b7e88ffb7fa9e42e53f6a563239763321416abfa62427b4e20ddf7b82bf54cd,0248c1430f8dd0eb7651be75a8f0804d1df7909b0cec0effbd118d5f7730017b
garion,Humans,ghmn027,1,Garion/Humans/HMN027.bmp,generated crop x=0 y=26 169x266 from HMN027.bmp,ghmn027L.bmp,ghmn027M.bmp,3f5efc94c75e12268175e9376df6100e036fba10e52d2aaa258ef447befceefc,694e0552ce7b2cf70db1d8ccc0e777a4f5866a470d424ed771bea313de81214a
garion,Humans,ghmn028,1,Garion/Humans/HMN028.bmp,generated crop x=20 y=20 169x266 from HMN028.bmp,ghmn028L.bmp,ghmn028M.bmp,746d4d355b5793615c9e76a879290657f8e686f6e00a2be27ab0f5e5613c12f4,5c9b21fa9345097befcfa6d1102af90618b86523cdaa27bb43b8cd975856ec38
garion,Humans,ghmn029,1,Garion/Humans/HMN029.bmp,generated crop x=20 y=20 169x266 from HMN029.bmp,ghmn029L.bmp,ghmn029M.bmp,207ce5f224d13f028759c5ce1cb7dcf0c801bf84013e1eccb3f1d92cde009f59,aa14a69e3fe0dad01e54ba2f3aa45690e8fa7c218225f87efa9cdc19fdc686a8
garion,Humans,ghmn030,2,Garion/Humans/HMN030.bmp,generated crop x=16 y=19 169x266 from HMN030.bmp,ghmn030L.bmp,ghmn030M.bmp,e99a8ea4e2b618410c735f07d1fb8a3d30f597a68c46f70e8a37ba6e63196ee0,633d5101fb0c3629d73e7c59addde9a7ad826245b5f084d46b244fa0d1e44218
garion,Humans,ghmn031,1,Garion/Humans/HMN031.bmp,generated crop x=32 y=46 169x266 from HMN031.bmp,ghmn031L.bmp,ghmn031M.bmp,483fc4fed713e55c6e1649893a1476108eda14eeacd85c0a96f0443c052b6297,a11710bb259a58a8d82af28c6c5eea1d003c4298bab26a63a09fb4ba52c0d454
garion,Humans,ghmn032,2,Garion/Humans/HMN032.bmp,generated crop x=20 y=20 169x266 from HMN032.bmp,ghmn032L.bmp,ghmn032M.bmp,7bf2808c55f55d3e436802bc8920e8d73abd2f7906bd70e53d00834355d8c28f,4d841f41dfe2290df5e0b9f95198eb10e6df9261ade5cb5fabbae6160e9ee0a3
garion,Humans,ghmn033,2,Garion/Humans/HMN033.bmp,generated crop x=15 y=58 169x266 from HMN033.bmp,ghmn033L.bmp,ghmn033M.bmp,d2666a3ed255ab8c10273dec009296f4519b91551acd5050fdab7bcce571235d,fee7042a0ce2c649a3e11da9a9d8871e87f7d55ae0b3b457a12cc3884a484abc
garion,Humans,ghmn034,1,Garion/Humans/HMN034.bmp,generated crop x=20 y=20 169x266 from HMN034.bmp,ghmn034L.bmp,ghmn034M.bmp,2a603c8af7d16172bc5604289a8486efe604f129b99aa480c173454db453f048,66a3b8b8cdfa3026a90128ebff500b2510e23b2118c54949738a6ddbc7deb48a
garion,Humans,ghmn035,2,Garion/Humans/HMN035.bmp,generated crop x=16 y=0 169x266 from HMN035.bmp,ghmn035L.bmp,ghmn035M.bmp,61f26b17418d770658ef55c27a368e203a7622fb98cc9e6b88ad8ecfd6916989,14f5e98b162df0db27431d82f92c9e59fa3bc4512310d00f802f2f2f53e65524
garion,Humans,ghmn036,2,Garion/Humans/HMN036.bmp,generated crop x=20 y=20 169x266 from HMN036.bmp,ghmn036L.bmp,ghmn036M.bmp,dc4c95401aa03e87f5cc425f1ff686dc18c437e67c5358425157a7717b765f76,e022211d0486bd8a8518386563e3e96015b7992d8a9983f5c671d11531c208e3
garion,Humans,ghmn037,1,Garion/Humans/HMN037.bmp,generated crop x=7 y=24 169x266 from HMN037.bmp,ghmn037L.bmp,ghmn037M.bmp,47707e22b892ffc6cb680034bf947c848353f3313d03f73ce9b258bef120a4e9,9b535c9d1b1daa7bcbf41115a4dda0e865ead4742035099e0a2f1a8e914e766e
garion,Humans,ghmn038,2,Garion/Humans/HMN038.bmp,generated crop x=28 y=37 169x266 from HMN038.bmp,ghmn038L.bmp,ghmn038M.bmp,b98f8cd3e0d5ba7a1bf7f365045e68fb75a5f57404b1d175322fe3304e788e21,2bbbff6c5f02167d9a55b125eec003d3db1b5a66629975be64eac8d4430eda89
garion,Humans,ghmn039,1,Garion/Humans/HMN039.bmp,generated crop x=22 y=13 169x266 from HMN039.bmp,ghmn039L.bmp,ghmn039M.bmp,ce861dbdb67fb7b16186e46ca9b917bf032334c10e5410d83fe76d09440ed0c2,67c75d2dd96532bce06cfce7ea23a12f9afbe658a5ed34b6f1002281d3915755
garion,Orcs,gorc001,2,Garion/Orcs/ORC001.bmp,generated crop x=16 y=56 169x266 from ORC001.bmp,gorc001L.bmp,gorc001M.bmp,e113f02cd67214b2d19ca5cc27ce4d77f979879a1cd4ec7f98e1a424a7516b61,b77e682e9b00ab4278ca4af949070951fe255a73be2bc2537f73d918d37b4962
garion,Orcs,gorc002,1,Garion/Orcs/ORC002.bmp,generated crop x=20 y=20 169x266 from ORC002.bmp,gorc002L.bmp,gorc002M.bmp,7713c48f4a5748c9a78e4e4fc7b652e85aed005f2dbf697e80bacefa0470a2f5,19f65bf0f13c83bb0a5071bf1fd808124f4b0a6bc64fa100f385e04611227303
garion,Orcs,gorc003,1,Garion/Orcs/ORC003.bmp,generated crop x=20 y=20 169x266 from ORC003.bmp,gorc003L.bmp,gorc003M.bmp,07e399a0229af10901bddf161e9f07ec05930def1f050efe5d749e8bc1c86764,d9852bafed206c26eca056f0ecd43b6e12cdd1b7afaba31f9620863003d2d981
garion,Orcs,gorc004,1,Garion/Orcs/ORC004.bmp,generated crop x=20 y=20 169x266 from ORC004.bmp,gorc004L.bmp,gorc004M.bmp,ee27162a4271f0807789f69e01244387b4ad51326dc09ed3c140b88a5de9bf49,d772ed565e6383651e6c00ba0cedd8f5a33f9e815b62ba851345f922493d7dc4
garion,Orcs,gorc005,2,Garion/Orcs/ORC005.bmp,generated crop x=20 y=20 169x266 from ORC005.bmp,gorc005L.bmp,gorc005M.bmp,4714d44922cdfe6414ea5c6bc940faf67d9389271b34a04aef686a972010a49a,eaebc39f8bf0fae3e1e9e6d6110fdb7b19d74eb38d35c5141ca38078a08bfb53
garion,Orcs,gorc006,2,Garion/Orcs/ORC006.bmp,generated crop x=20 y=20 169x266 from ORC006.bmp,gorc006L.bmp,gorc006M.bmp,197c43e6965e4145f9e047e24349aff7186d74d05ccde0ffb41f3e226028f2fc,642bffb182ec4bfd7cd9e5fcd3712656336e6109436ae048046d1f0ab651587d
garion,Orcs,gorc007,1,Garion/Orcs/ORC007.bmp,generated crop x=0 y=18 169x266 from ORC007.bmp,gorc007L.bmp,gorc007M.bmp,352847a8e65f83c4b41f4f18f380f94dc6197e8161ce7b92e54285ab6f816232,4af3fa675a97b359e12716ee6f0aaff8f843c5754d81b64fb5190d3197861899
garion,Orcs,gorc008,1,Garion/Orcs/ORC008.bmp,generated crop x=0 y=18 169x266 from ORC008.bmp,gorc008L.bmp,gorc008M.bmp,7d943825ab11c947271caa6b31ad38df07f09f415c8a95ed438220249ef57df0,eee8e8ecd50b6e9af46fcb57d893ea56af63c2a57ff6e4c23e5ab7781ec16386
garion,Orcs,gorc009,2,Garion/Orcs/ORC009.bmp,generated crop x=41 y=36 169x266 from ORC009.bmp,gorc009L.bmp,gorc009M.bmp,2b3db102108921e79113b7352ed6fdc76f90614ff82dd3896e51f3878b92fb18,b0e2574ecb4600ccb6384c95f1021a7bf9b5915089ee4f089df6db11043a016c
garion,Orcs,gorc010,2,Garion/Orcs/ORC010.bmp,generated crop x=20 y=20 169x266 from ORC010.bmp,gorc010L.bmp,gorc010M.bmp,74eed28cdb1b461742a9bbc841db1311223cb77b75805b66cded17d6346fe692,78c5beef08daca3ba1524689c591574307f554c559a59f5332e3dfe6318e367c
garion,Orcs,gorc011,1,Garion/Orcs/ORC011.bmp,generated crop x=13 y=42 169x266 from ORC011.bmp,gorc011L.bmp,gorc011M.bmp,e9ded53f0d90d4ad5c4a2bdf9df9af246a5b8bd7b8bb89518caca722f3ab5947,a12fb237b4219103b3df7c5f22a5ccea4aa10a0ac58c82342e3c565a93e5a951
garion,Thieflings,gthf001,1,Garion/Thieflings/THF001.bmp,generated crop x=20 y=20 169x266 from THF001.bmp,gthf001L.bmp,gthf001M.bmp,590111c4db27f9268796d7d6c5eb0e0e2380ba3864c01afab71ca82ece008a31,d9034ba963b01d3fedef719148758c2b31bd07e831fda58a7a9a85e76cfbebb1
garion,Thieflings,gthf002,1,Garion/Thieflings/THF002.bmp,generated crop x=20 y=20 169x266 from THF002.bmp,gthf002L.bmp,gthf002M.bmp,4e0d45a55133e1ac5d5c412a1ade2a0e34093532e78a64fbf807ef2ca234c18f,862a9d0fa504aa3748c984180358b43ea8fb886e9345f295b0ca9cc747ae3ee2
garion,Thieflings,gthf003,1,Garion/Thieflings/THF003.bmp,generated crop x=37 y=54 169x266 from THF003.bmp,gthf003L.bmp,gthf003M.bmp,fe2f27f05d16beee927bbf64ce078f725961b0a6a281ee583e51f38366705579,6a746cc425bb3b9cd94efed15e7460b52b39a0d81e6dc00178410a96389d20bd
garion,Thieflings,gthf004,2,Garion/Thieflings/THF004.bmp,generated crop x=20 y=20 169x266 from THF004.bmp,gthf004L.bmp,gthf004M.bmp,6876bfb6c833c1156548d5fe3b5ba191a22048ac360e4ccb2e49f4cfd8761e6b,804fbd72ff651e33f4674774a5cfa09609c38bc9aa48c37e234de5fff2e4a38e
garion,Thieflings,gthf005,2,Garion/Thieflings/THF005.bmp,generated crop x=20 y=20 169x266 from THF005.bmp,gthf005L.bmp,gthf005M.bmp,7a17e635ccbede6b507f2d86b290d2e85a4a87ba8a39453b59291a3fb9f6de68,907396a34e348358a99566e356413ad07d0a7a8cc18bdc61568999e9e67e1a1b
garion,Vampires,gvmp001,2,Garion/Vampires/VMP001.bmp,generated crop x=20 y=20 169x266 from VMP001.bmp,gvmp001L.bmp,gvmp001M.bmp,0cab57598d4049300e007414015e6666e377c72bc3690504fb530d6a092fabda,604503d1a126448ec4a484fd1b25e3a4ce131bdcc5ef7188ae22f764ad7e71a4
garion,Vampires,gvmp002,2,Garion/Vampires/VMP002.bmp,generated crop x=28 y=29 169x266 from VMP002.bmp,gvmp002L.bmp,gvmp002M.bmp,511eb83bed2b3457d2042716ce6d7d5bd1e3f958b35093abec67657b2c4b1746,fba404ae19d89c47130a686a54e994ae8196b4eca5024ecb14202b8391ce9614
garion,Vampires,gvmp003,2,Garion/Vampires/VMP003.bmp,generated crop x=0 y=42 169x266 from VMP003.bmp,gvmp003L.bmp,gvmp003M.bmp,b163744197bd1d1810193cb7630164bf91326f23bfd55919c0a3f4c0ca99aa23,929a70bb5b6b4a59d3a3c888e624666075a235b1020168940eacd05b565ddfb1
garion,Vampires,gvmp004,2,Garion/Vampires/VMP004.bmp,generated crop x=18 y=10 169x266 from VMP004.bmp,gvmp004L.bmp,gvmp004M.bmp,c1c4d25e65c96be33e58b0a08d6aad0da748e8043e153fd9ac49d766c3f309be,1e2a8195a7814421a3c36ffdc32c667f135b6f96e06428ecb0606701554f3b0d
garion,Vampires,gvmp005,1,Garion/Vampires/VMP005.bmp,generated crop x=28 y=5 169x266 from VMP005.bmp,gvmp005L.bmp,gvmp005M.bmp,24f5fafbe9c2b5758a75d93941935526695aa0326ceead81a8be2fa4bef5e031,f5cc574697d52793d64c759a59910b5582f5a365bc20ac2e74471c66fa20578e
garion,Vampires,gvmp006,1,Garion/Vampires/VMP006.bmp,generated crop x=15 y=0 169x266 from VMP006.bmp,gvmp006L.bmp,gvmp006M.bmp,f71c50b55d9a66eda9b9d1ac7e4f8902884f08c2ca4875f6636e449a2d9bc27c,fbf326129971036d017d755df144e3f13e4407a464b3281a2027124e03a6e758
garion,Vampires,gvmp007,2,Garion/Vampires/VMP007.bmp,generated crop x=16 y=22 169x266 from VMP007.bmp,gvmp007L.bmp,gvmp007M.bmp,eaa52e089bb40c98b0f5f15aa6ec898df255e74f8771fcf09bab4dcf27522376,00307e244676583ddfc904da6489f1bae9a82afa0f9540c02f44d558c701108e
