new_resref,gender,source_component,source_collection,old_resref,old_large,old_medium,new_large,new_medium
SIPF001,F,00,Main Collection,x!#f00,x!#f00L.bmp,x!#f00M.bmp,SIPF001L.bmp,SIPF001M.bmp
SIPF002,F,00,Main Collection,x!#f20,x!#f20L.bmp,x!#f20M.bmp,SIPF002L.bmp,SIPF002M.bmp
SIPF003,F,00,Main Collection,x!#f22,x!#f22L.bmp,x!#f22M.bmp,SIPF003L.bmp,SIPF003M.bmp
SIPM001,M,00,Main Collection,x!!f08,x!!f08L.bmp,x!!f08M.bmp,SIPM001L.bmp,SIPM001M.bmp
SIPM002,M,00,Main Collection,x!!f10,x!!f10L.bmp,x!!f10M.bmp,SIPM002L.bmp,SIPM002M.bmp
SIPM003,M,00,Main Collection,x!!f20,x!!f20L.bmp,x!!f20M.bmp,SIPM003L.bmp,SIPM003M.bmp
SIPM004,M,00,Main Collection,x!!f22,x!!f22L.bmp,x!!f22M.bmp,SIPM004L.bmp,SIPM004M.bmp
SIPM005,M,00,Main Collection,x!!f28,x!!f28L.bmp,x!!f28M.bmp,SIPM005L.bmp,SIPM005M.bmp
SIPF004,F,00,Main Collection,x!#f50,x!#f50L.bmp,x!#f50M.bmp,SIPF004L.bmp,SIPF004M.bmp
SIPF005,F,00,Main Collection,x!#f52,x!#f52L.bmp,x!#f52M.bmp,SIPF005L.bmp,SIPF005M.bmp
SIPF006,F,00,Main Collection,x!#f60,x!#f60L.bmp,x!#f60M.bmp,SIPF006L.bmp,SIPF006M.bmp
SIPM006,M,00,Main Collection,x!!f72,x!!f72L.bmp,x!!f72M.bmp,SIPM006L.bmp,SIPM006M.bmp
SIPM007,M,00,Main Collection,x!!f74,x!!f74L.bmp,x!!f74M.bmp,SIPM007L.bmp,SIPM007M.bmp
SIPM008,M,00,Main Collection,x!!fh0,x!!fh0L.bmp,x!!fh0M.bmp,SIPM008L.bmp,SIPM008M.bmp
SIPM009,M,00,Main Collection,x!!fh2,x!!fh2L.bmp,x!!fh2M.bmp,SIPM009L.bmp,SIPM009M.bmp
SIPM010,M,00,Main Collection,x!!fm0,x!!fm0L.bmp,x!!fm0M.bmp,SIPM010L.bmp,SIPM010M.bmp
SIPM011,M,00,Main Collection,x!!fm2,x!!fm2L.bmp,x!!fm2M.bmp,SIPM011L.bmp,SIPM011M.bmp
SIPM012,M,00,Main Collection,x!!fs0,x!!fs0L.bmp,x!!fs0M.bmp,SIPM012L.bmp,SIPM012M.bmp
SIPM013,M,00,Main Collection,x!!fs2,x!!fs2L.bmp,x!!fs2M.bmp,SIPM013L.bmp,SIPM013M.bmp
SIPF007,F,00,Main Collection,x!#fz0,x!#fz0L.bmp,x!#fz0M.bmp,SIPF007L.bmp,SIPF007M.bmp
SIPF008,F,00,Main Collection,x!#fz2,x!#fz2L.bmp,x!#fz2M.bmp,SIPF008L.bmp,SIPF008M.bmp
SIPF009,F,00,Main Collection,x!#fz6,x!#fz6L.bmp,x!#fz6M.bmp,SIPF009L.bmp,SIPF009M.bmp
SIPF010,F,00,Main Collection,x!#fz8,x!#fz8L.bmp,x!#fz8M.bmp,SIPF010L.bmp,SIPF010M.bmp
SIPM014,M,00,Main Collection,x!!fz2,x!!fz2L.bmp,x!!fz2M.bmp,SIPM014L.bmp,SIPM014M.bmp
SIPM015,M,00,Main Collection,x!!fz4,x!!fz4L.bmp,x!!fz4M.bmp,SIPM015L.bmp,SIPM015M.bmp
SIPF011,F,00,Main Collection,x!#p02,x!#p02L.bmp,x!#p02M.bmp,SIPF011L.bmp,SIPF011M.bmp
SIPF012,F,00,Main Collection,x!#p04,x!#p04L.bmp,x!#p04M.bmp,SIPF012L.bmp,SIPF012M.bmp
SIPF013,F,00,Main Collection,x!#p08,x!#p08L.bmp,x!#p08M.bmp,SIPF013L.bmp,SIPF013M.bmp
SIPF014,F,00,Main Collection,x!#p10,x!#p10L.bmp,x!#p10M.bmp,SIPF014L.bmp,SIPF014M.bmp
SIPM016,M,00,Main Collection,x!!p00,x!!p00L.bmp,x!!p00M.bmp,SIPM016L.bmp,SIPM016M.bmp
SIPM017,M,00,Main Collection,x!!p02,x!!p02L.bmp,x!!p02M.bmp,SIPM017L.bmp,SIPM017M.bmp
SIPM018,M,00,Main Collection,x!!p04,x!!p04L.bmp,x!!p04M.bmp,SIPM018L.bmp,SIPM018M.bmp
SIPF015,F,00,Main Collection,x!#pd0,x!#pd0L.bmp,x!#pd0M.bmp,SIPF015L.bmp,SIPF015M.bmp
SIPF016,F,00,Main Collection,x!#px0,x!#px0L.bmp,x!#px0M.bmp,SIPF016L.bmp,SIPF016M.bmp
SIPF017,F,00,Main Collection,x!#px2,x!#px2L.bmp,x!#px2M.bmp,SIPF017L.bmp,SIPF017M.bmp
SIPM019,M,00,Main Collection,x!!px0,x!!px0L.bmp,x!!px0M.bmp,SIPM019L.bmp,SIPM019M.bmp
SIPM020,M,00,Main Collection,x!!py0,x!!py0L.bmp,x!!py0M.bmp,SIPM020L.bmp,SIPM020M.bmp
SIPM021,M,00,Main Collection,x!!py2,x!!py2L.bmp,x!!py2M.bmp,SIPM021L.bmp,SIPM021M.bmp
SIPF018,F,00,Main Collection,x!#n04,x!#n04L.bmp,x!#n04M.bmp,SIPF018L.bmp,SIPF018M.bmp
SIPF019,F,00,Main Collection,x!#n06,x!#n06L.bmp,x!#n06M.bmp,SIPF019L.bmp,SIPF019M.bmp
SIPF020,F,00,Main Collection,x!#n08,x!#n08L.bmp,x!#n08M.bmp,SIPF020L.bmp,SIPF020M.bmp
SIPM022,M,00,Main Collection,x!!n01,x!!n01L.bmp,x!!n01M.bmp,SIPM022L.bmp,SIPM022M.bmp
SIPM023,M,00,Main Collection,x!!n02,x!!n02L.bmp,x!!n02M.bmp,SIPM023L.bmp,SIPM023M.bmp
SIPM024,M,00,Main Collection,x!!n04,x!!n04L.bmp,x!!n04M.bmp,SIPM024L.bmp,SIPM024M.bmp
SIPM025,M,00,Main Collection,x!!nv0,x!!nv0L.bmp,x!!nv0M.bmp,SIPM025L.bmp,SIPM025M.bmp
SIPM026,M,00,Main Collection,x!!nv2,x!!nv2L.bmp,x!!nv2M.bmp,SIPM026L.bmp,SIPM026M.bmp
SIPM027,M,00,Main Collection,x!!nv4,x!!nv4L.bmp,x!!nv4M.bmp,SIPM027L.bmp,SIPM027M.bmp
SIPM028,M,00,Main Collection,x!!r02,x!!r02L.bmp,x!!r02M.bmp,SIPM028L.bmp,SIPM028M.bmp
SIPM029,M,00,Main Collection,x!!r04,x!!r04L.bmp,x!!r04M.bmp,SIPM029L.bmp,SIPM029M.bmp
SIPF021,F,00,Main Collection,x!#ra0,x!#ra0L.bmp,x!#ra0M.bmp,SIPF021L.bmp,SIPF021M.bmp
SIPF022,F,00,Main Collection,x!#ra2,x!#ra2L.bmp,x!#ra2M.bmp,SIPF022L.bmp,SIPF022M.bmp
SIPF023,F,00,Main Collection,x!#rb0,x!#rb0L.bmp,x!#rb0M.bmp,SIPF023L.bmp,SIPF023M.bmp
SIPF024,F,00,Main Collection,x!#rb2,x!#rb2L.bmp,x!#rb2M.bmp,SIPF024L.bmp,SIPF024M.bmp
SIPF025,F,00,Main Collection,x!#rbc,x!#rbcL.bmp,x!#rbcM.bmp,SIPF025L.bmp,SIPF025M.bmp
SIPM030,M,00,Main Collection,x!!ra0,x!!ra0L.bmp,x!!ra0M.bmp,SIPM030L.bmp,SIPM030M.bmp
SIPM031,M,00,Main Collection,x!!ra2,x!!ra2L.bmp,x!!ra2M.bmp,SIPM031L.bmp,SIPM031M.bmp
SIPM032,M,00,Main Collection,x!!ra4,x!!ra4L.bmp,x!!ra4M.bmp,SIPM032L.bmp,SIPM032M.bmp
SIPM033,M,00,Main Collection,x!!ra6,x!!ra6L.bmp,x!!ra6M.bmp,SIPM033L.bmp,SIPM033M.bmp
SIPM034,M,00,Main Collection,x!!rb0,x!!rb0L.bmp,x!!rb0M.bmp,SIPM034L.bmp,SIPM034M.bmp
SIPM035,M,00,Main Collection,x!!rb2,x!!rb2L.bmp,x!!rb2M.bmp,SIPM035L.bmp,SIPM035M.bmp
SIPF026,F,00,Main Collection,x!#rs0,x!#rs0L.bmp,x!#rs0M.bmp,SIPF026L.bmp,SIPF026M.bmp
SIPF027,F,00,Main Collection,x!#rs2,x!#rs2L.bmp,x!#rs2M.bmp,SIPF027L.bmp,SIPF027M.bmp
SIPM036,M,00,Main Collection,x!!rs0,x!!rs0L.bmp,x!!rs0M.bmp,SIPM036L.bmp,SIPM036M.bmp
SIPM037,M,00,Main Collection,x!!rs2,x!!rs2L.bmp,x!!rs2M.bmp,SIPM037L.bmp,SIPM037M.bmp
SIPF028,F,00,Main Collection,x!#m00,x!#m00L.bmp,x!#m00M.bmp,SIPF028L.bmp,SIPF028M.bmp
SIPF029,F,00,Main Collection,x!#m02,x!#m02L.bmp,x!#m02M.bmp,SIPF029L.bmp,SIPF029M.bmp
SIPM038,M,00,Main Collection,x!!m02,x!!m02L.bmp,x!!m02M.bmp,SIPM038L.bmp,SIPM038M.bmp
SIPM039,M,00,Main Collection,x!!m04,x!!m04L.bmp,x!!m04M.bmp,SIPM039L.bmp,SIPM039M.bmp
SIPF030,F,00,Main Collection,x!#mb0,x!#mb0L.bmp,x!#mb0M.bmp,SIPF030L.bmp,SIPF030M.bmp
SIPM040,M,00,Main Collection,x!!mb0,x!!mb0L.bmp,x!!mb0M.bmp,SIPM040L.bmp,SIPM040M.bmp
SIPM041,M,00,Main Collection,x!!mb2,x!!mb2L.bmp,x!!mb2M.bmp,SIPM041L.bmp,SIPM041M.bmp
SIPM042,M,00,Main Collection,x!!mb4,x!!mb4L.bmp,x!!mb4M.bmp,SIPM042L.bmp,SIPM042M.bmp
SIPM043,M,00,Main Collection,x!!mb6,x!!mb6L.bmp,x!!mb6M.bmp,SIPM043L.bmp,SIPM043M.bmp
SIPM044,M,00,Main Collection,x!!cb2,x!!cb2L.bmp,x!!cb2M.bmp,SIPM044L.bmp,SIPM044M.bmp
SIPM045,M,00,Main Collection,x!!cb4,x!!cb4L.bmp,x!!cb4M.bmp,SIPM045L.bmp,SIPM045M.bmp
SIPF031,F,00,Main Collection,x!#ch0,x!#ch0L.bmp,x!#ch0M.bmp,SIPF031L.bmp,SIPF031M.bmp
SIPF032,F,00,Main Collection,x!#ck0,x!#ck0L.bmp,x!#ck0M.bmp,SIPF032L.bmp,SIPF032M.bmp
SIPM046,M,00,Main Collection,x!!cr0,x!!cr0L.bmp,x!!cr0M.bmp,SIPM046L.bmp,SIPM046M.bmp
SIPM047,M,00,Main Collection,x!!cr4,x!!cr4L.bmp,x!!cr4M.bmp,SIPM047L.bmp,SIPM047M.bmp
SIPF033,F,00,Main Collection,x!#cv0,x!#cv0L.bmp,x!#cv0M.bmp,SIPF033L.bmp,SIPF033M.bmp
SIPF034,F,00,Main Collection,x!#cv2,x!#cv2L.bmp,x!#cv2M.bmp,SIPF034L.bmp,SIPF034M.bmp
SIPF035,F,00,Main Collection,x!#cv4,x!#cv4L.bmp,x!#cv4M.bmp,SIPF035L.bmp,SIPF035M.bmp
SIPM048,M,00,Main Collection,x!!cv0,x!!cv0L.bmp,x!!cv0M.bmp,SIPM048L.bmp,SIPM048M.bmp
SIPF036,F,00,Main Collection,x!#cy0,x!#cy0L.bmp,x!#cy0M.bmp,SIPF036L.bmp,SIPF036M.bmp
SIPM049,M,00,Main Collection,x!!cy0,x!!cy0L.bmp,x!!cy0M.bmp,SIPM049L.bmp,SIPM049M.bmp
SIPF037,F,00,Main Collection,x!#cz0,x!#cz0L.bmp,x!#cz0M.bmp,SIPF037L.bmp,SIPF037M.bmp
SIPM050,M,00,Main Collection,x!!cz0,x!!cz0L.bmp,x!!cz0M.bmp,SIPM050L.bmp,SIPM050M.bmp
SIPM051,M,00,Main Collection,x!!cz2,x!!cz2L.bmp,x!!cz2M.bmp,SIPM051L.bmp,SIPM051M.bmp
SIPM052,M,00,Main Collection,x!!d00,x!!d00L.bmp,x!!d00M.bmp,SIPM052L.bmp,SIPM052M.bmp
SIPM053,M,00,Main Collection,x!!d02,x!!d02L.bmp,x!!d02M.bmp,SIPM053L.bmp,SIPM053M.bmp
SIPM054,M,00,Main Collection,x!!d04,x!!d04L.bmp,x!!d04M.bmp,SIPM054L.bmp,SIPM054M.bmp
SIPF038,F,00,Main Collection,x!#da0,x!#da0L.bmp,x!#da0M.bmp,SIPF038L.bmp,SIPF038M.bmp
SIPM055,M,00,Main Collection,x!!da0,x!!da0L.bmp,x!!da0M.bmp,SIPM055L.bmp,SIPM055M.bmp
SIPM056,M,00,Main Collection,x!!da2,x!!da2L.bmp,x!!da2M.bmp,SIPM056L.bmp,SIPM056M.bmp
SIPM057,M,00,Main Collection,x!!db2,x!!db2L.bmp,x!!db2M.bmp,SIPM057L.bmp,SIPM057M.bmp
SIPF039,F,00,Main Collection,x!#dd0,x!#dd0L.bmp,x!#dd0M.bmp,SIPF039L.bmp,SIPF039M.bmp
SIPF040,F,00,Main Collection,x!#df0,x!#df0L.bmp,x!#df0M.bmp,SIPF040L.bmp,SIPF040M.bmp
SIPM058,M,00,Main Collection,x!!df0,x!!df0L.bmp,x!!df0M.bmp,SIPM058L.bmp,SIPM058M.bmp
SIPF041,F,00,Main Collection,x!#dk0,x!#dk0L.bmp,x!#dk0M.bmp,SIPF041L.bmp,SIPF041M.bmp
SIPF042,F,00,Main Collection,x!#dk2,x!#dk2L.bmp,x!#dk2M.bmp,SIPF042L.bmp,SIPF042M.bmp
SIPM059,M,00,Main Collection,x!!dl0,x!!dl0L.bmp,x!!dl0M.bmp,SIPM059L.bmp,SIPM059M.bmp
SIPF043,F,00,Main Collection,x!#dm0,x!#dm0L.bmp,x!#dm0M.bmp,SIPF043L.bmp,SIPF043M.bmp
SIPF044,F,00,Main Collection,x!#dm2,x!#dm2L.bmp,x!#dm2M.bmp,SIPF044L.bmp,SIPF044M.bmp
SIPM060,M,00,Main Collection,x!!dp0,x!!dp0L.bmp,x!!dp0M.bmp,SIPM060L.bmp,SIPM060M.bmp
SIPF045,F,00,Main Collection,x!#ds0,x!#ds0L.bmp,x!#ds0M.bmp,SIPF045L.bmp,SIPF045M.bmp
SIPM061,M,00,Main Collection,x!!ds0,x!!ds0L.bmp,x!!ds0M.bmp,SIPM061L.bmp,SIPM061M.bmp
SIPF046,F,00,Main Collection,x!#dw0,x!#dw0L.bmp,x!#dw0M.bmp,SIPF046L.bmp,SIPF046M.bmp
SIPM062,M,00,Main Collection,x!!s00,x!!s00L.bmp,x!!s00M.bmp,SIPM062L.bmp,SIPM062M.bmp
SIPF047,F,00,Main Collection,x!#t00,x!#t00L.bmp,x!#t00M.bmp,SIPF047L.bmp,SIPF047M.bmp
SIPF048,F,00,Main Collection,x!#tc4,x!#tc4L.bmp,x!#tc4M.bmp,SIPF048L.bmp,SIPF048M.bmp
SIPF049,F,00,Main Collection,x!#tc6,x!#tc6L.bmp,x!#tc6M.bmp,SIPF049L.bmp,SIPF049M.bmp
SIPM063,M,00,Main Collection,x!!tc4,x!!tc4L.bmp,x!!tc4M.bmp,SIPM063L.bmp,SIPM063M.bmp
SIPF050,F,00,Main Collection,x!#tn0,x!#tn0L.bmp,x!#tn0M.bmp,SIPF050L.bmp,SIPF050M.bmp
SIPF051,F,00,Main Collection,x!#tn2,x!#tn2L.bmp,x!#tn2M.bmp,SIPF051L.bmp,SIPF051M.bmp
SIPF052,F,00,Main Collection,x!#tn4,x!#tn4L.bmp,x!#tn4M.bmp,SIPF052L.bmp,SIPF052M.bmp
SIPM064,M,00,Main Collection,x!!tn0,x!!tn0L.bmp,x!!tn0M.bmp,SIPM064L.bmp,SIPM064M.bmp
SIPM065,M,00,Main Collection,x!!tn2,x!!tn2L.bmp,x!!tn2M.bmp,SIPM065L.bmp,SIPM065M.bmp
SIPM066,M,00,Main Collection,x!!tn4,x!!tn4L.bmp,x!!tn4M.bmp,SIPM066L.bmp,SIPM066M.bmp
SIPM067,M,00,Main Collection,x!!tn6,x!!tn6L.bmp,x!!tn6M.bmp,SIPM067L.bmp,SIPM067M.bmp
SIPF053,F,00,Main Collection,x!#ts0,x!#ts0L.bmp,x!#ts0M.bmp,SIPF053L.bmp,SIPF053M.bmp
SIPF054,F,00,Main Collection,x!#ts2,x!#ts2L.bmp,x!#ts2M.bmp,SIPF054L.bmp,SIPF054M.bmp
SIPF055,F,00,Main Collection,x!#ts4,x!#ts4L.bmp,x!#ts4M.bmp,SIPF055L.bmp,SIPF055M.bmp
SIPM068,M,00,Main Collection,x!!ts0,x!!ts0L.bmp,x!!ts0M.bmp,SIPM068L.bmp,SIPM068M.bmp
SIPF056,F,00,Main Collection,x!#tv0,x!#tv0L.bmp,x!#tv0M.bmp,SIPF056L.bmp,SIPF056M.bmp
SIPF057,F,00,Main Collection,x!#tv2,x!#tv2L.bmp,x!#tv2M.bmp,SIPF057L.bmp,SIPF057M.bmp
SIPF058,F,00,Main Collection,x!#tv4,x!#tv4L.bmp,x!#tv4M.bmp,SIPF058L.bmp,SIPF058M.bmp
SIPM069,M,00,Main Collection,x!!tv4,x!!tv4L.bmp,x!!tv4M.bmp,SIPM069L.bmp,SIPM069M.bmp
SIPM070,M,00,Main Collection,x!!b02,x!!b02L.bmp,x!!b02M.bmp,SIPM070L.bmp,SIPM070M.bmp
SIPM071,M,00,Main Collection,x!!b04,x!!b04L.bmp,x!!b04M.bmp,SIPM071L.bmp,SIPM071M.bmp
SIPF059,F,00,Main Collection,x!#bf0,x!#bf0L.bmp,x!#bf0M.bmp,SIPF059L.bmp,SIPF059M.bmp
SIPF060,F,00,Main Collection,x!#bf2,x!#bf2L.bmp,x!#bf2M.bmp,SIPF060L.bmp,SIPF060M.bmp
SIPF061,F,00,Main Collection,x!#bfi,x!#bfiL.bmp,x!#bfiM.bmp,SIPF061L.bmp,SIPF061M.bmp
SIPF062,F,00,Main Collection,x!#bfk,x!#bfkL.bmp,x!#bfkM.bmp,SIPF062L.bmp,SIPF062M.bmp
SIPF063,F,00,Main Collection,x!#bfl,x!#bflL.bmp,x!#bflM.bmp,SIPF063L.bmp,SIPF063M.bmp
SIPF064,F,00,Main Collection,x!#bli,x!#bliL.bmp,x!#bliM.bmp,SIPF064L.bmp,SIPF064M.bmp
SIPF065,F,00,Main Collection,x!#blk,x!#blkL.bmp,x!#blkM.bmp,SIPF065L.bmp,SIPF065M.bmp
SIPF066,F,00,Main Collection,x!#blm,x!#blmL.bmp,x!#blmM.bmp,SIPF066L.bmp,SIPF066M.bmp
SIPF067,F,00,Main Collection,x!#bln,x!#blnL.bmp,x!#blnM.bmp,SIPF067L.bmp,SIPF067M.bmp
SIPF068,F,00,Main Collection,x!#blo,x!#bloL.bmp,x!#bloM.bmp,SIPF068L.bmp,SIPF068M.bmp
SIPM072,M,00,Main Collection,x!!bl2,x!!bl2L.bmp,x!!bl2M.bmp,SIPM072L.bmp,SIPM072M.bmp
SIPM073,M,00,Main Collection,x!!bl4,x!!bl4L.bmp,x!!bl4M.bmp,SIPM073L.bmp,SIPM073M.bmp
SIPF069,F,00,Main Collection,x!#bm0,x!#bm0L.bmp,x!#bm0M.bmp,SIPF069L.bmp,SIPF069M.bmp
SIPM074,M,00,Main Collection,x!!bm0,x!!bm0L.bmp,x!!bm0M.bmp,SIPM074L.bmp,SIPM074M.bmp
SIPF070,F,00,Main Collection,x!#bn0,x!#bn0L.bmp,x!#bn0M.bmp,SIPF070L.bmp,SIPF070M.bmp
SIPF071,F,00,Main Collection,x!#bo0,x!#bo0L.bmp,x!#bo0M.bmp,SIPF071L.bmp,SIPF071M.bmp
SIPF072,F,00,Main Collection,x!#bo2,x!#bo2L.bmp,x!#bo2M.bmp,SIPF072L.bmp,SIPF072M.bmp
SIPF073,F,00,Main Collection,x!#bt0,x!#bt0L.bmp,x!#bt0M.bmp,SIPF073L.bmp,SIPF073M.bmp
SIPM075,M,00,Main Collection,x!!bv2,x!!bv2L.bmp,x!!bv2M.bmp,SIPM075L.bmp,SIPM075M.bmp
SIPM076,M,00,Main Collection,x!!bv4,x!!bv4L.bmp,x!!bv4M.bmp,SIPM076L.bmp,SIPM076M.bmp
SIPF074,F,00,Main Collection,x!#wa0,x!#wa0L.bmp,x!#wa0M.bmp,SIPF074L.bmp,SIPF074M.bmp
SIPF075,F,00,Main Collection,x!#wa2,x!#wa2L.bmp,x!#wa2M.bmp,SIPF075L.bmp,SIPF075M.bmp
SIPF076,F,00,Main Collection,x!#wa4,x!#wa4L.bmp,x!#wa4M.bmp,SIPF076L.bmp,SIPF076M.bmp
SIPF077,F,00,Main Collection,x!#wa8,x!#wa8L.bmp,x!#wa8M.bmp,SIPF077L.bmp,SIPF077M.bmp
SIPF078,F,00,Main Collection,x!#waa,x!#waaL.bmp,x!#waaM.bmp,SIPF078L.bmp,SIPF078M.bmp
SIPF079,F,00,Main Collection,x!#wac,x!#wacL.bmp,x!#wacM.bmp,SIPF079L.bmp,SIPF079M.bmp
SIPF080,F,00,Main Collection,x!#wb0,x!#wb0L.bmp,x!#wb0M.bmp,SIPF080L.bmp,SIPF080M.bmp
SIPF081,F,00,Main Collection,x!#wb2,x!#wb2L.bmp,x!#wb2M.bmp,SIPF081L.bmp,SIPF081M.bmp
SIPM077,M,00,Main Collection,x!!wb0,x!!wb0L.bmp,x!!wb0M.bmp,SIPM077L.bmp,SIPM077M.bmp
SIPM078,M,00,Main Collection,x!!wb2,x!!wb2L.bmp,x!!wb2M.bmp,SIPM078L.bmp,SIPM078M.bmp
SIPM079,M,00,Main Collection,x!!wc0,x!!wc0L.bmp,x!!wc0M.bmp,SIPM079L.bmp,SIPM079M.bmp
SIPM080,M,00,Main Collection,x!!wc4,x!!wc4L.bmp,x!!wc4M.bmp,SIPM080L.bmp,SIPM080M.bmp
SIPF082,F,00,Main Collection,x!#wf0,x!#wf0L.bmp,x!#wf0M.bmp,SIPF082L.bmp,SIPF082M.bmp
SIPM081,M,00,Main Collection,x!!wf0,x!!wf0L.bmp,x!!wf0M.bmp,SIPM081L.bmp,SIPM081M.bmp
SIPM082,M,00,Main Collection,x!!wf2,x!!wf2L.bmp,x!!wf2M.bmp,SIPM082L.bmp,SIPM082M.bmp
SIPM083,M,00,Main Collection,x!!wf4,x!!wf4L.bmp,x!!wf4M.bmp,SIPM083L.bmp,SIPM083M.bmp
SIPM084,M,00,Main Collection,x!!wf6,x!!wf6L.bmp,x!!wf6M.bmp,SIPM084L.bmp,SIPM084M.bmp
SIPF083,F,00,Main Collection,x!#wg0,x!#wg0L.bmp,x!#wg0M.bmp,SIPF083L.bmp,SIPF083M.bmp
SIPM085,M,00,Main Collection,x!!wg0,x!!wg0L.bmp,x!!wg0M.bmp,SIPM085L.bmp,SIPM085M.bmp
SIPM086,M,00,Main Collection,x!!wg2,x!!wg2L.bmp,x!!wg2M.bmp,SIPM086L.bmp,SIPM086M.bmp
SIPF084,F,00,Main Collection,x!#wi0,x!#wi0L.bmp,x!#wi0M.bmp,SIPF084L.bmp,SIPF084M.bmp
SIPF085,F,00,Main Collection,x!#wi2,x!#wi2L.bmp,x!#wi2M.bmp,SIPF085L.bmp,SIPF085M.bmp
SIPM087,M,00,Main Collection,x!!wi0,x!!wi0L.bmp,x!!wi0M.bmp,SIPM087L.bmp,SIPM087M.bmp
SIPM088,M,00,Main Collection,x!!wi2,x!!wi2L.bmp,x!!wi2M.bmp,SIPM088L.bmp,SIPM088M.bmp
SIPM089,M,00,Main Collection,x!!wj0,x!!wj0L.bmp,x!!wj0M.bmp,SIPM089L.bmp,SIPM089M.bmp
SIPM090,M,00,Main Collection,x!!wm0,x!!wm0L.bmp,x!!wm0M.bmp,SIPM090L.bmp,SIPM090M.bmp
SIPM091,M,00,Main Collection,x!!wm4,x!!wm4L.bmp,x!!wm4M.bmp,SIPM091L.bmp,SIPM091M.bmp
SIPF086,F,00,Main Collection,x!#wr0,x!#wr0L.bmp,x!#wr0M.bmp,SIPF086L.bmp,SIPF086M.bmp
SIPF087,F,00,Main Collection,x!#wr2,x!#wr2L.bmp,x!#wr2M.bmp,SIPF087L.bmp,SIPF087M.bmp
SIPF088,F,00,Main Collection,x!#wr4,x!#wr4L.bmp,x!#wr4M.bmp,SIPF088L.bmp,SIPF088M.bmp
SIPF089,F,00,Main Collection,x!#wr6,x!#wr6L.bmp,x!#wr6M.bmp,SIPF089L.bmp,SIPF089M.bmp
SIPF090,F,00,Main Collection,x!#wra,x!#wraL.bmp,x!#wraM.bmp,SIPF090L.bmp,SIPF090M.bmp
SIPF091,F,00,Main Collection,x!#wrc,x!#wrcL.bmp,x!#wrcM.bmp,SIPF091L.bmp,SIPF091M.bmp
SIPM092,M,00,Main Collection,x!!wr0,x!!wr0L.bmp,x!!wr0M.bmp,SIPM092L.bmp,SIPM092M.bmp
SIPM093,M,00,Main Collection,x!!wr2,x!!wr2L.bmp,x!!wr2M.bmp,SIPM093L.bmp,SIPM093M.bmp
SIPM094,M,00,Main Collection,x!!ws0,x!!ws0L.bmp,x!!ws0M.bmp,SIPM094L.bmp,SIPM094M.bmp
SIPM095,M,00,Main Collection,x!!ws2,x!!ws2L.bmp,x!!ws2M.bmp,SIPM095L.bmp,SIPM095M.bmp
SIPF092,F,00,Main Collection,x!#wt0,x!#wt0L.bmp,x!#wt0M.bmp,SIPF092L.bmp,SIPF092M.bmp
SIPM096,M,00,Main Collection,x!!wt0,x!!wt0L.bmp,x!!wt0M.bmp,SIPM096L.bmp,SIPM096M.bmp
SIPM097,M,00,Main Collection,x!!wt2,x!!wt2L.bmp,x!!wt2M.bmp,SIPM097L.bmp,SIPM097M.bmp
SIPF093,F,00,Main Collection,x!#wv2,x!#wv2L.bmp,x!#wv2M.bmp,SIPF093L.bmp,SIPF093M.bmp
SIPM098,M,00,Main Collection,x!!wv0,x!!wv0L.bmp,x!!wv0M.bmp,SIPM098L.bmp,SIPM098M.bmp
SIPM099,M,00,Main Collection,x!!wv2,x!!wv2L.bmp,x!!wv2M.bmp,SIPM099L.bmp,SIPM099M.bmp
SIPF094,F,00,Main Collection,x!#i00,x!#i00L.bmp,x!#i00M.bmp,SIPF094L.bmp,SIPF094M.bmp
SIPF095,F,00,Main Collection,x!#i02,x!#i02L.bmp,x!#i02M.bmp,SIPF095L.bmp,SIPF095M.bmp
SIPF096,F,00,Main Collection,x!#i06,x!#i06L.bmp,x!#i06M.bmp,SIPF096L.bmp,SIPF096M.bmp
SIPM100,M,00,Main Collection,x!!i00,x!!i00L.bmp,x!!i00M.bmp,SIPM100L.bmp,SIPM100M.bmp
SIPM101,M,00,Main Collection,x!!i02,x!!i02L.bmp,x!!i02M.bmp,SIPM101L.bmp,SIPM101M.bmp
SIPM102,M,00,Main Collection,x!!i04,x!!i04L.bmp,x!!i04M.bmp,SIPM102L.bmp,SIPM102M.bmp
SIPM103,M,00,Main Collection,x!!i06,x!!i06L.bmp,x!!i06M.bmp,SIPM103L.bmp,SIPM103M.bmp
SIPM104,M,00,Main Collection,x!!i08,x!!i08L.bmp,x!!i08M.bmp,SIPM104L.bmp,SIPM104M.bmp
SIPM105,M,00,Main Collection,x!!i10,x!!i10L.bmp,x!!i10M.bmp,SIPM105L.bmp,SIPM105M.bmp
SIPM106,M,00,Main Collection,x!!i12,x!!i12L.bmp,x!!i12M.bmp,SIPM106L.bmp,SIPM106M.bmp
SIPM107,M,00,Main Collection,x!!i14,x!!i14L.bmp,x!!i14M.bmp,SIPM107L.bmp,SIPM107M.bmp
SIPF097,F,00,Main Collection,x!#ig0,x!#ig0L.bmp,x!#ig0M.bmp,SIPF097L.bmp,SIPF097M.bmp
SIPM108,M,00,Main Collection,x!!ig0,x!!ig0L.bmp,x!!ig0M.bmp,SIPM108L.bmp,SIPM108M.bmp
SIPF098,F,00,Main Collection,x!#ih6,x!#ih6L.bmp,x!#ih6M.bmp,SIPF098L.bmp,SIPF098M.bmp
SIPM109,M,00,Main Collection,x!!ih4,x!!ih4L.bmp,x!!ih4M.bmp,SIPM109L.bmp,SIPM109M.bmp
SIPF099,F,00,Main Collection,x!#ik0,x!#ik0L.bmp,x!#ik0M.bmp,SIPF099L.bmp,SIPF099M.bmp
SIPM110,M,00,Main Collection,x!!ik2,x!!ik2L.bmp,x!!ik2M.bmp,SIPM110L.bmp,SIPM110M.bmp
SIPM111,M,00,Main Collection,x!!il0,x!!il0L.bmp,x!!il0M.bmp,SIPM111L.bmp,SIPM111M.bmp
SIPF100,F,00,Main Collection,x!#ir0,x!#ir0L.bmp,x!#ir0M.bmp,SIPF100L.bmp,SIPF100M.bmp
SIPM112,M,00,Main Collection,x!!ir0,x!!ir0L.bmp,x!!ir0M.bmp,SIPM112L.bmp,SIPM112M.bmp
SIPF101,F,00,Main Collection,x!#it0,x!#it0L.bmp,x!#it0M.bmp,SIPF101L.bmp,SIPF101M.bmp
SIPM113,M,00,Main Collection,x!!it0,x!!it0L.bmp,x!!it0M.bmp,SIPM113L.bmp,SIPM113M.bmp
SIPM114,M,00,Main Collection,x!!it2,x!!it2L.bmp,x!!it2M.bmp,SIPM114L.bmp,SIPM114M.bmp
SIPF102,F,00,Main Collection,x!#iw0,x!#iw0L.bmp,x!#iw0M.bmp,SIPF102L.bmp,SIPF102M.bmp
SIPF103,F,00,Main Collection,x!#iw2,x!#iw2L.bmp,x!#iw2M.bmp,SIPF103L.bmp,SIPF103M.bmp
SIPF104,F,00,Main Collection,x!#iw4,x!#iw4L.bmp,x!#iw4M.bmp,SIPF104L.bmp,SIPF104M.bmp
SIPM115,M,00,Main Collection,x!!iw0,x!!iw0L.bmp,x!!iw0M.bmp,SIPM115L.bmp,SIPM115M.bmp
SIPM116,M,00,Main Collection,x!!iw2,x!!iw2L.bmp,x!!iw2M.bmp,SIPM116L.bmp,SIPM116M.bmp
SIPM117,M,00,Main Collection,x!!iw4,x!!iw4L.bmp,x!!iw4M.bmp,SIPM117L.bmp,SIPM117M.bmp
SIPM118,M,00,Main Collection,x!!iw6,x!!iw6L.bmp,x!!iw6M.bmp,SIPM118L.bmp,SIPM118M.bmp
SIPM119,M,00,Main Collection,x!!gt0,x!!gt0L.bmp,x!!gt0M.bmp,SIPM119L.bmp,SIPM119M.bmp
SIPM120,M,00,Main Collection,x!!gw0,x!!gw0L.bmp,x!!gw0M.bmp,SIPM120L.bmp,SIPM120M.bmp
SIPM121,M,00,Main Collection,x!!gw2,x!!gw2L.bmp,x!!gw2M.bmp,SIPM121L.bmp,SIPM121M.bmp
SIPM122,M,00,Main Collection,x!!gw6,x!!gw6L.bmp,x!!gw6M.bmp,SIPM122L.bmp,SIPM122M.bmp
SIPF105,F,00,Main Collection,x!#hj0,x!#hj0L.bmp,x!#hj0M.bmp,SIPF105L.bmp,SIPF105M.bmp
SIPF106,F,00,Main Collection,x!#ht0,x!#ht0L.bmp,x!#ht0M.bmp,SIPF106L.bmp,SIPF106M.bmp
SIPF107,F,00,Main Collection,x!#oa0,x!#oa0L.bmp,x!#oa0M.bmp,SIPF107L.bmp,SIPF107M.bmp
SIPF108,F,00,Main Collection,x!#oa2,x!#oa2L.bmp,x!#oa2M.bmp,SIPF108L.bmp,SIPF108M.bmp
SIPF109,F,00,Main Collection,x!#oa4,x!#oa4L.bmp,x!#oa4M.bmp,SIPF109L.bmp,SIPF109M.bmp
SIPF110,F,00,Main Collection,x!#oa6,x!#oa6L.bmp,x!#oa6M.bmp,SIPF110L.bmp,SIPF110M.bmp
SIPF111,F,00,Main Collection,x!#oa8,x!#oa8L.bmp,x!#oa8M.bmp,SIPF111L.bmp,SIPF111M.bmp
SIPM123,M,00,Main Collection,x!!oa0,x!!oa0L.bmp,x!!oa0M.bmp,SIPM123L.bmp,SIPM123M.bmp
SIPM124,M,00,Main Collection,x!!oa2,x!!oa2L.bmp,x!!oa2M.bmp,SIPM124L.bmp,SIPM124M.bmp
SIPF112,F,00,Main Collection,x!#ob0,x!#ob0L.bmp,x!#ob0M.bmp,SIPF112L.bmp,SIPF112M.bmp
SIPF113,F,00,Main Collection,x!#ob4,x!#ob4L.bmp,x!#ob4M.bmp,SIPF113L.bmp,SIPF113M.bmp
SIPM125,M,00,Main Collection,x!!ob0,x!!ob0L.bmp,x!!ob0M.bmp,SIPM125L.bmp,SIPM125M.bmp
SIPM126,M,00,Main Collection,x!!ob2,x!!ob2L.bmp,x!!ob2M.bmp,SIPM126L.bmp,SIPM126M.bmp
SIPM127,M,00,Main Collection,x!!ob4,x!!ob4L.bmp,x!!ob4M.bmp,SIPM127L.bmp,SIPM127M.bmp
SIPM128,M,00,Main Collection,x!!ob6,x!!ob6L.bmp,x!!ob6M.bmp,SIPM128L.bmp,SIPM128M.bmp
SIPM129,M,00,Main Collection,x!!oba,x!!obaL.bmp,x!!obaM.bmp,SIPM129L.bmp,SIPM129M.bmp
SIPM130,M,00,Main Collection,x!!oc0,x!!oc0L.bmp,x!!oc0M.bmp,SIPM130L.bmp,SIPM130M.bmp
SIPM131,M,00,Main Collection,x!!oc6,x!!oc6L.bmp,x!!oc6M.bmp,SIPM131L.bmp,SIPM131M.bmp
SIPF114,F,00,Main Collection,x!#og0,x!#og0L.bmp,x!#og0M.bmp,SIPF114L.bmp,SIPF114M.bmp
SIPF115,F,00,Main Collection,x!#og2,x!#og2L.bmp,x!#og2M.bmp,SIPF115L.bmp,SIPF115M.bmp
SIPF116,F,00,Main Collection,x!#ot0,x!#ot0L.bmp,x!#ot0M.bmp,SIPF116L.bmp,SIPF116M.bmp
SIPF117,F,00,Main Collection,x!#ow2,x!#ow2L.bmp,x!#ow2M.bmp,SIPF117L.bmp,SIPF117M.bmp
SIPF118,F,00,Main Collection,x!#ow6,x!#ow6L.bmp,x!#ow6M.bmp,SIPF118L.bmp,SIPF118M.bmp
SIPM132,M,00,Main Collection,x!!ow0,x!!ow0L.bmp,x!!ow0M.bmp,SIPM132L.bmp,SIPM132M.bmp
SIPF119,F,30,Icewind Dale II,2FHUM1_,2FHUM1_L.bmp,2FHUM1_M.bmp,SIPF119L.bmp,SIPF119M.bmp
SIPF120,F,30,Icewind Dale II,2FHUM2_,2FHUM2_L.bmp,2FHUM2_M.bmp,SIPF120L.bmp,SIPF120M.bmp
SIPF121,F,30,Icewind Dale II,2FHUM3_,2FHUM3_L.bmp,2FHUM3_M.bmp,SIPF121L.bmp,SIPF121M.bmp
SIPM133,M,30,Icewind Dale II,2MHUM2_,2MHUM2_L.bmp,2MHUM2_M.bmp,SIPM133L.bmp,SIPM133M.bmp
SIPM134,M,30,Icewind Dale II,2MHUM3_,2MHUM3_L.bmp,2MHUM3_M.bmp,SIPM134L.bmp,SIPM134M.bmp
SIPM135,M,30,Icewind Dale II,2MHUM4_,2MHUM4_L.bmp,2MHUM4_M.bmp,SIPM135L.bmp,SIPM135M.bmp
SIPM136,M,30,Icewind Dale II,2MHUM5_,2MHUM5_L.bmp,2MHUM5_M.bmp,SIPM136L.bmp,SIPM136M.bmp
SIPM137,M,30,Icewind Dale II,2MHUM6_,2MHUM6_L.bmp,2MHUM6_M.bmp,SIPM137L.bmp,SIPM137M.bmp
SIPM138,M,30,Icewind Dale II,2MHUM7_,2MHUM7_L.bmp,2MHUM7_M.bmp,SIPM138L.bmp,SIPM138M.bmp
SIPM139,M,30,Icewind Dale II,2MPAL1_,2MPAL1_L.bmp,2MPAL1_M.bmp,SIPM139L.bmp,SIPM139M.bmp
SIPM140,M,30,Icewind Dale II,2MAAS1_,2MAAS1_L.bmp,2MAAS1_M.bmp,SIPM140L.bmp,SIPM140M.bmp
SIPF122,F,30,Icewind Dale II,2FTIF1_,2FTIF1_L.bmp,2FTIF1_M.bmp,SIPF122L.bmp,SIPF122M.bmp
SIPF123,F,30,Icewind Dale II,2FELF1_,2FELF1_L.bmp,2FELF1_M.bmp,SIPF123L.bmp,SIPF123M.bmp
SIPF124,F,30,Icewind Dale II,2FELF2_,2FELF2_L.bmp,2FELF2_M.bmp,SIPF124L.bmp,SIPF124M.bmp
SIPF125,F,30,Icewind Dale II,2FELF3_,2FELF3_L.bmp,2FELF3_M.bmp,SIPF125L.bmp,SIPF125M.bmp
SIPM141,M,30,Icewind Dale II,2MELF1_,2MELF1_L.bmp,2MELF1_M.bmp,SIPM141L.bmp,SIPM141M.bmp
SIPF126,F,30,Icewind Dale II,2FDEF1_,2FDEF1_L.bmp,2FDEF1_M.bmp,SIPF126L.bmp,SIPF126M.bmp
SIPM142,M,30,Icewind Dale II,2MDEF1_,2MDEF1_L.bmp,2MDEF1_M.bmp,SIPM142L.bmp,SIPM142M.bmp
SIPM143,M,30,Icewind Dale II,2MDEF2_,2MDEF2_L.bmp,2MDEF2_M.bmp,SIPM143L.bmp,SIPM143M.bmp
SIPM144,M,30,Icewind Dale II,2MDWF1_,2MDWF1_L.bmp,2MDWF1_M.bmp,SIPM144L.bmp,SIPM144M.bmp
SIPF127,F,30,Icewind Dale II,2FGNM1_,2FGNM1_L.bmp,2FGNM1_M.bmp,SIPF127L.bmp,SIPF127M.bmp
SIPM145,M,30,Icewind Dale II,2MGNM1_,2MGNM1_L.bmp,2MGNM1_M.bmp,SIPM145L.bmp,SIPM145M.bmp
SIPM146,M,30,Icewind Dale II,2MHAF1_,2MHAF1_L.bmp,2MHAF1_M.bmp,SIPM146L.bmp,SIPM146M.bmp
SIPF128,F,40,Garion's Portrait Pack,gaes001,gaes001L.bmp,gaes001M.bmp,SIPF128L.bmp,SIPF128M.bmp
SIPF129,F,40,Garion's Portrait Pack,gaes002,gaes002L.bmp,gaes002M.bmp,SIPF129L.bmp,SIPF129M.bmp
SIPM147,M,40,Garion's Portrait Pack,gaes004,gaes004L.bmp,gaes004M.bmp,SIPM147L.bmp,SIPM147M.bmp
SIPM148,M,40,Garion's Portrait Pack,gaes005,gaes005L.bmp,gaes005M.bmp,SIPM148L.bmp,SIPM148M.bmp
SIPM149,M,40,Garion's Portrait Pack,gaes006,gaes006L.bmp,gaes006M.bmp,SIPM149L.bmp,SIPM149M.bmp
SIPM150,M,40,Garion's Portrait Pack,gdwf001,gdwf001L.bmp,gdwf001M.bmp,SIPM150L.bmp,SIPM150M.bmp
SIPM151,M,40,Garion's Portrait Pack,gdwf002,gdwf002L.bmp,gdwf002M.bmp,SIPM151L.bmp,SIPM151M.bmp
SIPM152,M,40,Garion's Portrait Pack,gdwf003,gdwf003L.bmp,gdwf003M.bmp,SIPM152L.bmp,SIPM152M.bmp
SIPF130,F,40,Garion's Portrait Pack,gdwf08,gdwf08L.bmp,gdwf08M.bmp,SIPF130L.bmp,SIPF130M.bmp
SIPM153,M,40,Garion's Portrait Pack,gdwf09,gdwf09L.bmp,gdwf09M.bmp,SIPM153L.bmp,SIPM153M.bmp
SIPM154,M,40,Garion's Portrait Pack,gdwf10,gdwf10L.bmp,gdwf10M.bmp,SIPM154L.bmp,SIPM154M.bmp
SIPM155,M,40,Garion's Portrait Pack,gdwf11,gdwf11L.bmp,gdwf11M.bmp,SIPM155L.bmp,SIPM155M.bmp
SIPM156,M,40,Garion's Portrait Pack,gdwf12,gdwf12L.bmp,gdwf12M.bmp,SIPM156L.bmp,SIPM156M.bmp
SIPM157,M,40,Garion's Portrait Pack,gdwf13,gdwf13L.bmp,gdwf13M.bmp,SIPM157L.bmp,SIPM157M.bmp
SIPM158,M,40,Garion's Portrait Pack,gdwf14,gdwf14L.bmp,gdwf14M.bmp,SIPM158L.bmp,SIPM158M.bmp
SIPM159,M,40,Garion's Portrait Pack,gdwf16,gdwf16L.bmp,gdwf16M.bmp,SIPM159L.bmp,SIPM159M.bmp
SIPM160,M,40,Garion's Portrait Pack,gdwf17,gdwf17L.bmp,gdwf17M.bmp,SIPM160L.bmp,SIPM160M.bmp
SIPM161,M,40,Garion's Portrait Pack,gdwf19,gdwf19L.bmp,gdwf19M.bmp,SIPM161L.bmp,SIPM161M.bmp
SIPM162,M,40,Garion's Portrait Pack,gdwf20,gdwf20L.bmp,gdwf20M.bmp,SIPM162L.bmp,SIPM162M.bmp
SIPM163,M,40,Garion's Portrait Pack,gdwf21,gdwf21L.bmp,gdwf21M.bmp,SIPM163L.bmp,SIPM163M.bmp
SIPM164,M,40,Garion's Portrait Pack,gdwf22,gdwf22L.bmp,gdwf22M.bmp,SIPM164L.bmp,SIPM164M.bmp
SIPM165,M,40,Garion's Portrait Pack,gdwf25,gdwf25L.bmp,gdwf25M.bmp,SIPM165L.bmp,SIPM165M.bmp
SIPM166,M,40,Garion's Portrait Pack,gdwf26,gdwf26L.bmp,gdwf26M.bmp,SIPM166L.bmp,SIPM166M.bmp
SIPM167,M,40,Garion's Portrait Pack,gdwf27,gdwf27L.bmp,gdwf27M.bmp,SIPM167L.bmp,SIPM167M.bmp
SIPM168,M,40,Garion's Portrait Pack,gdwf28,gdwf28L.bmp,gdwf28M.bmp,SIPM168L.bmp,SIPM168M.bmp
SIPM169,M,40,Garion's Portrait Pack,gdwf29,gdwf29L.bmp,gdwf29M.bmp,SIPM169L.bmp,SIPM169M.bmp
SIPM170,M,40,Garion's Portrait Pack,gdwf30,gdwf30L.bmp,gdwf30M.bmp,SIPM170L.bmp,SIPM170M.bmp
SIPM171,M,40,Garion's Portrait Pack,gdwf31,gdwf31L.bmp,gdwf31M.bmp,SIPM171L.bmp,SIPM171M.bmp
SIPM172,M,40,Garion's Portrait Pack,gelf001,gelf001L.bmp,gelf001M.bmp,SIPM172L.bmp,SIPM172M.bmp
SIPM173,M,40,Garion's Portrait Pack,gelf002,gelf002L.bmp,gelf002M.bmp,SIPM173L.bmp,SIPM173M.bmp
SIPF131,F,40,Garion's Portrait Pack,gelf003,gelf003L.bmp,gelf003M.bmp,SIPF131L.bmp,SIPF131M.bmp
SIPM174,M,40,Garion's Portrait Pack,gelf004,gelf004L.bmp,gelf004M.bmp,SIPM174L.bmp,SIPM174M.bmp
SIPM175,M,40,Garion's Portrait Pack,gelf005,gelf005L.bmp,gelf005M.bmp,SIPM175L.bmp,SIPM175M.bmp
SIPF132,F,40,Garion's Portrait Pack,gelf006,gelf006L.bmp,gelf006M.bmp,SIPF132L.bmp,SIPF132M.bmp
SIPF133,F,40,Garion's Portrait Pack,gelf009,gelf009L.bmp,gelf009M.bmp,SIPF133L.bmp,SIPF133M.bmp
SIPM176,M,40,Garion's Portrait Pack,gelf011,gelf011L.bmp,gelf011M.bmp,SIPM176L.bmp,SIPM176M.bmp
SIPF134,F,40,Garion's Portrait Pack,gelf012,gelf012L.bmp,gelf012M.bmp,SIPF134L.bmp,SIPF134M.bmp
SIPM177,M,40,Garion's Portrait Pack,gelf013,gelf013L.bmp,gelf013M.bmp,SIPM177L.bmp,SIPM177M.bmp
SIPM178,M,40,Garion's Portrait Pack,gelf014,gelf014L.bmp,gelf014M.bmp,SIPM178L.bmp,SIPM178M.bmp
SIPF135,F,40,Garion's Portrait Pack,gelf015,gelf015L.bmp,gelf015M.bmp,SIPF135L.bmp,SIPF135M.bmp
SIPM179,M,40,Garion's Portrait Pack,ggnm002,ggnm002L.bmp,ggnm002M.bmp,SIPM179L.bmp,SIPM179M.bmp
SIPM180,M,40,Garion's Portrait Pack,ggnm003,ggnm003L.bmp,ggnm003M.bmp,SIPM180L.bmp,SIPM180M.bmp
SIPM181,M,40,Garion's Portrait Pack,ggnm004,ggnm004L.bmp,ggnm004M.bmp,SIPM181L.bmp,SIPM181M.bmp
SIPF136,F,40,Garion's Portrait Pack,ggnm005,ggnm005L.bmp,ggnm005M.bmp,SIPF136L.bmp,SIPF136M.bmp
SIPM182,M,40,Garion's Portrait Pack,ggnm006,ggnm006L.bmp,ggnm006M.bmp,SIPM182L.bmp,SIPM182M.bmp
SIPM183,M,40,Garion's Portrait Pack,ghmn001,ghmn001L.bmp,ghmn001M.bmp,SIPM183L.bmp,SIPM183M.bmp
SIPM184,M,40,Garion's Portrait Pack,ghmn002,ghmn002L.bmp,ghmn002M.bmp,SIPM184L.bmp,SIPM184M.bmp
SIPM185,M,40,Garion's Portrait Pack,ghmn003,ghmn003L.bmp,ghmn003M.bmp,SIPM185L.bmp,SIPM185M.bmp
SIPM186,M,40,Garion's Portrait Pack,ghmn004,ghmn004L.bmp,ghmn004M.bmp,SIPM186L.bmp,SIPM186M.bmp
SIPM187,M,40,Garion's Portrait Pack,ghmn006,ghmn006L.bmp,ghmn006M.bmp,SIPM187L.bmp,SIPM187M.bmp
SIPM188,M,40,Garion's Portrait Pack,ghmn007,ghmn007L.bmp,ghmn007M.bmp,SIPM188L.bmp,SIPM188M.bmp
SIPM189,M,40,Garion's Portrait Pack,ghmn008,ghmn008L.bmp,ghmn008M.bmp,SIPM189L.bmp,SIPM189M.bmp
SIPF137,F,40,Garion's Portrait Pack,ghmn013,ghmn013L.bmp,ghmn013M.bmp,SIPF137L.bmp,SIPF137M.bmp
SIPF138,F,40,Garion's Portrait Pack,ghmn015,ghmn015L.bmp,ghmn015M.bmp,SIPF138L.bmp,SIPF138M.bmp
SIPM190,M,40,Garion's Portrait Pack,ghmn016,ghmn016L.bmp,ghmn016M.bmp,SIPM190L.bmp,SIPM190M.bmp
SIPM191,M,40,Garion's Portrait Pack,ghmn017,ghmn017L.bmp,ghmn017M.bmp,SIPM191L.bmp,SIPM191M.bmp
SIPM192,M,40,Garion's Portrait Pack,ghmn018,ghmn018L.bmp,ghmn018M.bmp,SIPM192L.bmp,SIPM192M.bmp
SIPM193,M,40,Garion's Portrait Pack,ghmn019,ghmn019L.bmp,ghmn019M.bmp,SIPM193L.bmp,SIPM193M.bmp
SIPF139,F,40,Garion's Portrait Pack,ghmn022,ghmn022L.bmp,ghmn022M.bmp,SIPF139L.bmp,SIPF139M.bmp
SIPM194,M,40,Garion's Portrait Pack,ghmn023,ghmn023L.bmp,ghmn023M.bmp,SIPM194L.bmp,SIPM194M.bmp
SIPM195,M,40,Garion's Portrait Pack,ghmn024,ghmn024L.bmp,ghmn024M.bmp,SIPM195L.bmp,SIPM195M.bmp
SIPM196,M,40,Garion's Portrait Pack,ghmn029,ghmn029L.bmp,ghmn029M.bmp,SIPM196L.bmp,SIPM196M.bmp
SIPF140,F,40,Garion's Portrait Pack,ghmn030,ghmn030L.bmp,ghmn030M.bmp,SIPF140L.bmp,SIPF140M.bmp
SIPF141,F,40,Garion's Portrait Pack,ghmn033,ghmn033L.bmp,ghmn033M.bmp,SIPF141L.bmp,SIPF141M.bmp
SIPF142,F,40,Garion's Portrait Pack,ghmn035,ghmn035L.bmp,ghmn035M.bmp,SIPF142L.bmp,SIPF142M.bmp
SIPF143,F,40,Garion's Portrait Pack,ghmn036,ghmn036L.bmp,ghmn036M.bmp,SIPF143L.bmp,SIPF143M.bmp
SIPM197,M,40,Garion's Portrait Pack,ghmn037,ghmn037L.bmp,ghmn037M.bmp,SIPM197L.bmp,SIPM197M.bmp
SIPF144,F,40,Garion's Portrait Pack,ghmn038,ghmn038L.bmp,ghmn038M.bmp,SIPF144L.bmp,SIPF144M.bmp
SIPM198,M,40,Garion's Portrait Pack,ghmn039,ghmn039L.bmp,ghmn039M.bmp,SIPM198L.bmp,SIPM198M.bmp
SIPF145,F,40,Garion's Portrait Pack,gorc001,gorc001L.bmp,gorc001M.bmp,SIPF145L.bmp,SIPF145M.bmp
SIPM199,M,40,Garion's Portrait Pack,gorc002,gorc002L.bmp,gorc002M.bmp,SIPM199L.bmp,SIPM199M.bmp
SIPM200,M,40,Garion's Portrait Pack,gorc003,gorc003L.bmp,gorc003M.bmp,SIPM200L.bmp,SIPM200M.bmp
SIPM201,M,40,Garion's Portrait Pack,gorc004,gorc004L.bmp,gorc004M.bmp,SIPM201L.bmp,SIPM201M.bmp
SIPF146,F,40,Garion's Portrait Pack,gorc005,gorc005L.bmp,gorc005M.bmp,SIPF146L.bmp,SIPF146M.bmp
SIPF147,F,40,Garion's Portrait Pack,gorc006,gorc006L.bmp,gorc006M.bmp,SIPF147L.bmp,SIPF147M.bmp
SIPM202,M,40,Garion's Portrait Pack,gorc008,gorc008L.bmp,gorc008M.bmp,SIPM202L.bmp,SIPM202M.bmp
SIPF148,F,40,Garion's Portrait Pack,gorc009,gorc009L.bmp,gorc009M.bmp,SIPF148L.bmp,SIPF148M.bmp
SIPF149,F,40,Garion's Portrait Pack,gorc010,gorc010L.bmp,gorc010M.bmp,SIPF149L.bmp,SIPF149M.bmp
SIPM203,M,40,Garion's Portrait Pack,gorc011,gorc011L.bmp,gorc011M.bmp,SIPM203L.bmp,SIPM203M.bmp
SIPM204,M,40,Garion's Portrait Pack,gthf001,gthf001L.bmp,gthf001M.bmp,SIPM204L.bmp,SIPM204M.bmp
SIPM205,M,40,Garion's Portrait Pack,gthf002,gthf002L.bmp,gthf002M.bmp,SIPM205L.bmp,SIPM205M.bmp
SIPM206,M,40,Garion's Portrait Pack,gthf003,gthf003L.bmp,gthf003M.bmp,SIPM206L.bmp,SIPM206M.bmp
SIPF150,F,40,Garion's Portrait Pack,gthf004,gthf004L.bmp,gthf004M.bmp,SIPF150L.bmp,SIPF150M.bmp
SIPF151,F,40,Garion's Portrait Pack,gthf005,gthf005L.bmp,gthf005M.bmp,SIPF151L.bmp,SIPF151M.bmp
SIPF152,F,40,Garion's Portrait Pack,gvmp001,gvmp001L.bmp,gvmp001M.bmp,SIPF152L.bmp,SIPF152M.bmp
SIPF153,F,40,Garion's Portrait Pack,gvmp002,gvmp002L.bmp,gvmp002M.bmp,SIPF153L.bmp,SIPF153M.bmp
SIPF154,F,40,Garion's Portrait Pack,gvmp004,gvmp004L.bmp,gvmp004M.bmp,SIPF154L.bmp,SIPF154M.bmp
SIPM207,M,40,Garion's Portrait Pack,gvmp005,gvmp005L.bmp,gvmp005M.bmp,SIPM207L.bmp,SIPM207M.bmp
SIPM208,M,40,Garion's Portrait Pack,gvmp006,gvmp006L.bmp,gvmp006M.bmp,SIPM208L.bmp,SIPM208M.bmp
SIPF155,F,200,Photoshopped Variations,x!eff_,x!eff_L.bmp,x!eff_M.bmp,SIPF155L.bmp,SIPF155M.bmp
SIPF156,F,200,Photoshopped Variations,x!hffb_,x!hffb_L.bmp,x!hffb_M.bmp,SIPF156L.bmp,SIPF156M.bmp
SIPM209,M,200,Photoshopped Variations,x!2mb1_,x!2mb1_L.bmp,x!2mb1_M.bmp,SIPM209L.bmp,SIPM209M.bmp
SIPM210,M,200,Photoshopped Variations,x!2mb1b,x!2mb1bL.bmp,x!2mb1bM.bmp,SIPM210L.bmp,SIPM210M.bmp
SIPF157,F,200,Photoshopped Variations,x!hefcb,x!hefcbL.bmp,x!hefcbM.bmp,SIPF157L.bmp,SIPF157M.bmp
SIPF158,F,200,Photoshopped Variations,x!hefcc,x!hefccL.bmp,x!hefccM.bmp,SIPF158L.bmp,SIPF158M.bmp
SIPF159,F,200,Photoshopped Variations,x!hefcd,x!hefcdL.bmp,x!hefcdM.bmp,SIPF159L.bmp,SIPF159M.bmp
SIPM211,M,200,Photoshopped Variations,x!hmc2_,x!hmc2_L.bmp,x!hmc2_M.bmp,SIPM211L.bmp,SIPM211M.bmp
SIPF160,F,200,Photoshopped Variations,x!hfw3b,x!hfw3bL.bmp,x!hfw3bM.bmp,SIPF160L.bmp,SIPF160M.bmp
SIPM212,M,200,Photoshopped Variations,x!gmtb_,x!gmtb_L.bmp,x!gmtb_M.bmp,SIPM212L.bmp,SIPM212M.bmp
